acquisition_id,customer_id,campaign_id,channel,acquisition_date,cpa
ACQ-0001,CUST-1076,CMP-2025-04,Google Shopping,2025-10-19,25.99
ACQ-0002,CUST-0882,CMP-2025-05,Google Remarketing,2025-12-10,25.19
ACQ-0003,CUST-0347,CMP-2025-03,Instagram,2025-06-22,40.23
ACQ-0004,CUST-0057,CMP-2025-01,Meta Ads,2025-02-13,18.66
ACQ-0005,CUST-0912,CMP-2025-04,Meta Ads,2025-10-19,35.33
ACQ-0006,CUST-0239,CMP-2025-01,Direct Traffic,2025-02-10,35.59
ACQ-0007,CUST-0929,CMP-2025-05,SMS,2025-11-24,25.9
ACQ-0008,CUST-0017,CMP-2025-05,Meta Retargeting,2025-12-14,34.32
ACQ-0009,CUST-1018,CMP-2025-02,TikTok,2025-04-10,40.84
ACQ-0010,CUST-0365,CMP-2025-03,Pinterest,2025-06-23,32.22
ACQ-0011,CUST-0615,CMP-2025-01,Email Newsletter,2025-05-30,30.02
ACQ-0012,CUST-0986,CMP-2025-02,Instagram Reels,2025-03-08,28.36
ACQ-0013,CUST-0361,CMP-2025-03,Email Marketing,2025-06-26,34.88
ACQ-0014,CUST-0596,CMP-2025-02,Influencer,2025-03-27,36.64
ACQ-0015,CUST-0871,CMP-2025-01,LinkedIn,2025-01-27,23.65
ACQ-0016,CUST-0454,CMP-2025-02,Influencer,2025-04-04,21.09
ACQ-0017,CUST-0185,CMP-2025-01,Social Organic,2025-06-20,36.52
ACQ-0018,CUST-0432,CMP-2025-02,Influencer,2025-03-11,27.79
ACQ-0019,CUST-1133,CMP-2025-01,Organic Search,2025-01-07,36.25
ACQ-0020,CUST-0994,CMP-2025-03,Instagram,2025-06-03,33.34
ACQ-0021,CUST-0821,CMP-2025-03,Instagram,2025-05-20,30.36
ACQ-0022,CUST-0196,CMP-2025-01,Social Organic,2025-07-20,36.94
ACQ-0023,CUST-0562,CMP-2025-01,LinkedIn,2025-01-26,29.58
ACQ-0024,CUST-1149,CMP-2025-03,Pinterest,2025-06-28,24.25
ACQ-0025,CUST-1120,CMP-2025-01,Organic Search,2025-08-20,27.84
ACQ-0026,CUST-0224,CMP-2025-03,Pinterest,2025-05-24,41.43
ACQ-0027,CUST-0512,CMP-2025-04,Google Shopping,2025-11-09,30.8
ACQ-0028,CUST-0692,CMP-2025-01,Email Newsletter,2025-01-19,38.98
ACQ-0029,CUST-1001,CMP-2025-03,Email Marketing,2025-06-25,29.34
ACQ-0030,CUST-0216,CMP-2025-01,Meta Ads,2025-02-03,22.31
ACQ-0031,CUST-0869,CMP-2025-05,SMS,2025-12-21,39.04
ACQ-0032,CUST-0603,CMP-2025-01,Social Organic,2025-12-13,32.95
ACQ-0033,CUST-0595,CMP-2025-02,Instagram Reels,2025-04-09,30.71
ACQ-0034,CUST-0278,CMP-2025-04,Google Shopping,2025-10-01,22.71
ACQ-0035,CUST-0409,CMP-2025-05,Meta Retargeting,2025-12-19,19.94
ACQ-0036,CUST-0707,CMP-2025-02,Instagram Reels,2025-03-18,32.24
ACQ-0037,CUST-1150,CMP-2025-02,TikTok,2025-03-05,20.92
ACQ-0038,CUST-0260,CMP-2025-01,Email Newsletter,2025-10-28,26.26
ACQ-0039,CUST-0970,CMP-2025-01,Meta Ads,2025-01-24,40.34
ACQ-0040,CUST-0663,CMP-2025-01,Google Search,2025-01-18,28.5
ACQ-0041,CUST-0494,CMP-2025-04,Google Shopping,2025-10-25,26.84
ACQ-0042,CUST-0341,CMP-2025-01,Direct Traffic,2025-05-23,38.24
ACQ-0043,CUST-0514,CMP-2025-05,Google Remarketing,2025-12-17,22.68
ACQ-0044,CUST-0784,CMP-2025-01,Google Search,2025-01-22,30.86
ACQ-0045,CUST-0520,CMP-2025-01,LinkedIn,2025-01-27,24.96
ACQ-0046,CUST-0079,CMP-2025-05,SMS,2025-11-29,22.66
ACQ-0047,CUST-0128,CMP-2025-05,Meta Retargeting,2025-12-07,33.89
ACQ-0048,CUST-0751,CMP-2025-04,YouTube Video Ads,2025-10-27,34.24
ACQ-0049,CUST-0172,CMP-2025-01,Meta Ads,2025-01-27,34.68
ACQ-0050,CUST-0638,CMP-2025-03,Email Marketing,2025-05-22,31.85
ACQ-0051,CUST-0177,CMP-2025-05,Meta Retargeting,2025-11-21,37.04
ACQ-0052,CUST-0631,CMP-2025-01,Direct Traffic,2025-11-25,36.06
ACQ-0053,CUST-0572,CMP-2025-03,Instagram,2025-06-10,24.91
ACQ-0054,CUST-0542,CMP-2025-03,Email Marketing,2025-06-21,36.65
ACQ-0055,CUST-0076,CMP-2025-01,Direct Traffic,2025-10-27,31.14
ACQ-0056,CUST-0592,CMP-2025-05,SMS,2025-12-25,37.17
ACQ-0057,CUST-0535,CMP-2025-01,LinkedIn,2025-02-12,22.88
ACQ-0058,CUST-0070,CMP-2025-01,Meta Ads,2025-02-01,22.23
ACQ-0059,CUST-0384,CMP-2025-01,Email Newsletter,2025-06-06,31.35
ACQ-0060,CUST-0891,CMP-2025-01,Direct Traffic,2025-08-31,24.44
ACQ-0061,CUST-0822,CMP-2025-02,Instagram Reels,2025-04-02,28.51
ACQ-0062,CUST-0336,CMP-2025-03,Pinterest,2025-06-22,23.16
ACQ-0063,CUST-0709,CMP-2025-02,Influencer,2025-03-30,21.97
ACQ-0064,CUST-0895,CMP-2025-02,Influencer,2025-03-10,38.37
ACQ-0065,CUST-0965,CMP-2025-04,Google Shopping,2025-11-14,34.21
ACQ-0066,CUST-0652,CMP-2025-01,Social Organic,2025-03-10,39.6
ACQ-0067,CUST-0711,CMP-2025-05,SMS,2025-11-21,22.69
ACQ-0068,CUST-0816,CMP-2025-01,Direct Traffic,2025-11-27,30.25
ACQ-0069,CUST-0696,CMP-2025-02,Instagram Reels,2025-03-28,25.81
ACQ-0070,CUST-0335,CMP-2025-05,Meta Retargeting,2025-11-26,26.64
ACQ-0071,CUST-0264,CMP-2025-04,Meta Ads,2025-11-13,29.92
ACQ-0072,CUST-1029,CMP-2025-04,YouTube Video Ads,2025-11-15,41.34
ACQ-0073,CUST-0164,CMP-2025-03,Email Marketing,2025-06-29,23.14
ACQ-0074,CUST-0249,CMP-2025-01,Organic Search,2025-08-24,39.4
ACQ-0075,CUST-0049,CMP-2025-02,Instagram Reels,2025-03-19,18.91
ACQ-0076,CUST-0732,CMP-2025-01,Email Newsletter,2025-09-30,24.34
ACQ-0077,CUST-0297,CMP-2025-04,Google Shopping,2025-10-18,34.69
ACQ-0078,CUST-0084,CMP-2025-03,Pinterest,2025-05-17,41.46
ACQ-0079,CUST-0163,CMP-2025-01,Direct Traffic,2025-08-10,31.92
ACQ-0080,CUST-0767,CMP-2025-02,Influencer,2025-03-28,34.69
ACQ-0081,CUST-0372,CMP-2025-03,Instagram,2025-05-15,18.94
ACQ-0082,CUST-0862,CMP-2025-03,Email Marketing,2025-06-18,40.35
ACQ-0083,CUST-0311,CMP-2025-04,YouTube Video Ads,2025-10-14,22.5
ACQ-0084,CUST-0997,CMP-2025-03,Pinterest,2025-05-20,41.64
ACQ-0085,CUST-0958,CMP-2025-05,Google Remarketing,2025-11-30,31.77
ACQ-0086,CUST-1140,CMP-2025-01,Direct Traffic,2025-05-01,27.39
ACQ-0087,CUST-0366,CMP-2025-01,Email Newsletter,2025-07-25,26.77
ACQ-0088,CUST-0744,CMP-2025-03,Pinterest,2025-06-16,27.72
ACQ-0089,CUST-0364,CMP-2025-01,Google Search,2025-02-13,36.43
ACQ-0090,CUST-0841,CMP-2025-01,LinkedIn,2025-01-24,33.07
ACQ-0091,CUST-0187,CMP-2025-01,Email Newsletter,2025-01-12,31.47
ACQ-0092,CUST-0359,CMP-2025-02,Instagram Reels,2025-03-21,20.02
ACQ-0093,CUST-0909,CMP-2025-01,Organic Search,2025-04-01,37.39
ACQ-0094,CUST-0015,CMP-2025-01,Email Newsletter,2025-12-16,38.88
ACQ-0095,CUST-1094,CMP-2025-01,Organic Search,2025-08-13,25.38
ACQ-0096,CUST-0745,CMP-2025-05,Meta Retargeting,2025-12-18,20.94
ACQ-0097,CUST-0291,CMP-2025-01,Social Organic,2025-09-05,20.78
ACQ-0098,CUST-1007,CMP-2025-01,Social Organic,2025-05-14,34.7
ACQ-0099,CUST-1164,CMP-2025-01,LinkedIn,2025-01-18,25.28
ACQ-0100,CUST-0629,CMP-2025-01,Social Organic,2025-03-23,29.67
ACQ-0101,CUST-1197,CMP-2025-03,Pinterest,2025-06-30,38.95
ACQ-0102,CUST-0705,CMP-2025-05,SMS,2025-12-22,27.3
ACQ-0103,CUST-0992,CMP-2025-01,Organic Search,2025-01-08,26.55
ACQ-0104,CUST-0245,CMP-2025-03,Pinterest,2025-06-15,39.95
ACQ-0105,CUST-0675,CMP-2025-03,Pinterest,2025-06-19,31.14
ACQ-0106,CUST-0502,CMP-2025-02,Influencer,2025-04-14,38.65
ACQ-0107,CUST-0545,CMP-2025-01,Meta Ads,2025-01-22,39.79
ACQ-0108,CUST-0500,CMP-2025-05,Meta Retargeting,2025-12-20,31.12
ACQ-0109,CUST-0171,CMP-2025-01,Meta Ads,2025-02-13,32.56
ACQ-0110,CUST-0907,CMP-2025-01,Email Newsletter,2025-04-10,41.82
ACQ-0111,CUST-1009,CMP-2025-03,Pinterest,2025-06-16,25.17
ACQ-0112,CUST-0699,CMP-2025-05,SMS,2025-12-22,28.84
ACQ-0113,CUST-0367,CMP-2025-04,Meta Ads,2025-11-13,40.24
ACQ-0114,CUST-0397,CMP-2025-01,Social Organic,2025-04-29,30.29
ACQ-0115,CUST-0352,CMP-2025-01,Direct Traffic,2025-11-09,26.15
ACQ-0116,CUST-0854,CMP-2025-01,Social Organic,2025-05-18,29.59
ACQ-0117,CUST-0725,CMP-2025-01,Social Organic,2025-06-11,28.49
ACQ-0118,CUST-0828,CMP-2025-04,Meta Ads,2025-10-23,41.41
ACQ-0119,CUST-0765,CMP-2025-04,YouTube Video Ads,2025-10-25,31.66
ACQ-0120,CUST-0799,CMP-2025-04,YouTube Video Ads,2025-10-16,32.27
ACQ-0121,CUST-1102,CMP-2025-03,Instagram,2025-05-22,39.2
ACQ-0122,CUST-0309,CMP-2025-05,Meta Retargeting,2025-12-02,28.8
ACQ-0123,CUST-1141,CMP-2025-03,Instagram,2025-06-28,36.64
ACQ-0124,CUST-0740,CMP-2025-01,Direct Traffic,2025-08-17,22.83
ACQ-0125,CUST-0408,CMP-2025-03,Pinterest,2025-05-31,40.42
ACQ-0126,CUST-1033,CMP-2025-01,Email Newsletter,2025-06-17,25.14
ACQ-0127,CUST-1158,CMP-2025-05,Meta Retargeting,2025-11-27,37.27
ACQ-0128,CUST-0150,CMP-2025-01,Social Organic,2025-08-09,29.44
ACQ-0129,CUST-1179,CMP-2025-05,Meta Retargeting,2025-12-17,27.93
ACQ-0130,CUST-0018,CMP-2025-04,Meta Ads,2025-10-10,32.23
ACQ-0131,CUST-1182,CMP-2025-02,TikTok,2025-03-14,20.87
ACQ-0132,CUST-0142,CMP-2025-03,Instagram,2025-05-29,23.24
ACQ-0133,CUST-0728,CMP-2025-04,Google Shopping,2025-10-08,19.1
ACQ-0134,CUST-0407,CMP-2025-04,Meta Ads,2025-11-07,20.68
ACQ-0135,CUST-0334,CMP-2025-01,Social Organic,2025-03-03,36.12
ACQ-0136,CUST-0186,CMP-2025-01,Social Organic,2025-07-04,30.46
ACQ-0137,CUST-0727,CMP-2025-03,Pinterest,2025-05-19,25.57
ACQ-0138,CUST-0093,CMP-2025-02,TikTok,2025-03-12,21.51
ACQ-0139,CUST-0126,CMP-2025-02,Instagram Reels,2025-04-12,33.01
ACQ-0140,CUST-0658,CMP-2025-01,Google Search,2025-01-31,19.3
ACQ-0141,CUST-0324,CMP-2025-03,Email Marketing,2025-05-29,41.72
ACQ-0142,CUST-1100,CMP-2025-05,Google Remarketing,2025-11-20,29.53
ACQ-0143,CUST-1010,CMP-2025-01,Direct Traffic,2025-10-20,23.65
ACQ-0144,CUST-0169,CMP-2025-01,Organic Search,2025-07-26,24.37
ACQ-0145,CUST-0674,CMP-2025-01,Social Organic,2025-08-25,36.36
ACQ-0146,CUST-0298,CMP-2025-01,Meta Ads,2025-02-03,37.16
ACQ-0147,CUST-1172,CMP-2025-03,Pinterest,2025-05-27,28.03
ACQ-0148,CUST-0691,CMP-2025-01,Social Organic,2025-04-06,37.46
ACQ-0149,CUST-0198,CMP-2025-03,Instagram,2025-06-17,36.88
ACQ-0150,CUST-0194,CMP-2025-04,YouTube Video Ads,2025-10-08,35.25
ACQ-0151,CUST-1134,CMP-2025-01,Direct Traffic,2025-02-12,27.84
ACQ-0152,CUST-1088,CMP-2025-02,TikTok,2025-03-07,33.42
ACQ-0153,CUST-0415,CMP-2025-04,YouTube Video Ads,2025-10-19,41.34
ACQ-0154,CUST-0154,CMP-2025-05,SMS,2025-12-09,32.91
ACQ-0155,CUST-0802,CMP-2025-01,Email Newsletter,2025-11-27,32.4
ACQ-0156,CUST-0566,CMP-2025-04,YouTube Video Ads,2025-10-08,32.27
ACQ-0157,CUST-0023,CMP-2025-05,Meta Retargeting,2025-12-09,36.63
ACQ-0158,CUST-0256,CMP-2025-05,Meta Retargeting,2025-12-19,39.19
ACQ-0159,CUST-0782,CMP-2025-01,Email Newsletter,2025-05-11,28.51
ACQ-0160,CUST-0998,CMP-2025-01,Organic Search,2025-04-26,20.58
ACQ-0161,CUST-1013,CMP-2025-01,Organic Search,2025-08-10,33.49
ACQ-0162,CUST-1063,CMP-2025-01,Organic Search,2025-12-08,32.64
ACQ-0163,CUST-0712,CMP-2025-04,YouTube Video Ads,2025-10-30,19.38
ACQ-0164,CUST-0053,CMP-2025-02,Instagram Reels,2025-03-02,20.82
ACQ-0165,CUST-0567,CMP-2025-01,LinkedIn,2025-01-30,41.79
ACQ-0166,CUST-0467,CMP-2025-03,Pinterest,2025-05-21,20.63
ACQ-0167,CUST-1037,CMP-2025-01,Direct Traffic,2025-10-14,27.85
ACQ-0168,CUST-0829,CMP-2025-01,Social Organic,2025-03-16,31.02
ACQ-0169,CUST-0602,CMP-2025-01,Google Search,2025-01-30,37.91
ACQ-0170,CUST-0054,CMP-2025-02,TikTok,2025-03-16,28.85
ACQ-0171,CUST-0899,CMP-2025-05,Meta Retargeting,2025-12-02,38.43
ACQ-0172,CUST-0536,CMP-2025-01,Social Organic,2025-07-06,28.64
ACQ-0173,CUST-1040,CMP-2025-01,Organic Search,2025-10-02,37.47
ACQ-0174,CUST-1135,CMP-2025-01,Social Organic,2025-04-25,32.0
ACQ-0175,CUST-0894,CMP-2025-02,Instagram Reels,2025-03-02,31.64
ACQ-0176,CUST-0131,CMP-2025-01,Google Search,2025-01-27,40.76
ACQ-0177,CUST-0812,CMP-2025-04,YouTube Video Ads,2025-10-20,34.35
ACQ-0178,CUST-0296,CMP-2025-01,Social Organic,2025-12-15,38.77
ACQ-0179,CUST-1085,CMP-2025-02,Influencer,2025-03-13,36.68
ACQ-0180,CUST-1176,CMP-2025-01,Email Newsletter,2025-12-17,27.46
ACQ-0181,CUST-0168,CMP-2025-01,Meta Ads,2025-02-12,39.16
ACQ-0182,CUST-0143,CMP-2025-01,Email Newsletter,2025-04-07,22.77
ACQ-0183,CUST-0317,CMP-2025-05,Google Remarketing,2025-12-01,35.1
ACQ-0184,CUST-0080,CMP-2025-01,Social Organic,2025-03-03,40.47
ACQ-0185,CUST-1062,CMP-2025-01,LinkedIn,2025-02-10,22.15
ACQ-0186,CUST-0918,CMP-2025-01,Organic Search,2025-12-09,26.45
ACQ-0187,CUST-1006,CMP-2025-04,Meta Ads,2025-10-03,40.04
ACQ-0188,CUST-1119,CMP-2025-03,Email Marketing,2025-06-04,36.44
ACQ-0189,CUST-0773,CMP-2025-01,Google Search,2025-02-10,31.69
ACQ-0190,CUST-0113,CMP-2025-01,Google Search,2025-01-22,39.46
ACQ-0191,CUST-1095,CMP-2025-03,Email Marketing,2025-06-08,41.16
ACQ-0192,CUST-1042,CMP-2025-01,Google Search,2025-01-23,40.82
ACQ-0193,CUST-1170,CMP-2025-01,Google Search,2025-01-12,23.34
ACQ-0194,CUST-0363,CMP-2025-01,Email Newsletter,2025-04-27,19.55
ACQ-0195,CUST-0529,CMP-2025-01,Social Organic,2025-08-05,23.31
ACQ-0196,CUST-0848,CMP-2025-02,Influencer,2025-04-01,18.75
ACQ-0197,CUST-0235,CMP-2025-04,YouTube Video Ads,2025-10-05,26.19
ACQ-0198,CUST-0223,CMP-2025-01,Direct Traffic,2025-07-22,40.83
ACQ-0199,CUST-0378,CMP-2025-01,LinkedIn,2025-01-25,27.22
ACQ-0200,CUST-0431,CMP-2025-01,Organic Search,2025-01-23,40.79
ACQ-0201,CUST-0718,CMP-2025-01,Meta Ads,2025-02-04,40.75
ACQ-0202,CUST-0688,CMP-2025-04,Google Shopping,2025-10-02,20.13
ACQ-0203,CUST-0294,CMP-2025-03,Pinterest,2025-05-18,20.03
ACQ-0204,CUST-0659,CMP-2025-02,TikTok,2025-03-07,18.64
ACQ-0205,CUST-0460,CMP-2025-01,Organic Search,2025-01-19,18.97
ACQ-0206,CUST-0793,CMP-2025-02,Influencer,2025-04-13,24.38
ACQ-0207,CUST-0459,CMP-2025-02,TikTok,2025-03-25,27.15
ACQ-0208,CUST-0944,CMP-2025-01,Email Newsletter,2025-08-16,27.04
ACQ-0209,CUST-1086,CMP-2025-02,Influencer,2025-04-15,23.07
ACQ-0210,CUST-0768,CMP-2025-02,Instagram Reels,2025-03-26,21.05
ACQ-0211,CUST-1130,CMP-2025-01,Email Newsletter,2025-12-04,22.74
ACQ-0212,CUST-1163,CMP-2025-03,Instagram,2025-06-27,33.57
ACQ-0213,CUST-0960,CMP-2025-02,Influencer,2025-04-01,40.43
ACQ-0214,CUST-0199,CMP-2025-01,Organic Search,2025-02-13,40.12
ACQ-0215,CUST-0416,CMP-2025-01,Organic Search,2025-04-20,27.03
ACQ-0216,CUST-1151,CMP-2025-02,TikTok,2025-03-11,31.01
ACQ-0217,CUST-0576,CMP-2025-02,TikTok,2025-03-08,39.87
ACQ-0218,CUST-0969,CMP-2025-02,Influencer,2025-03-02,41.71
ACQ-0219,CUST-0917,CMP-2025-01,Social Organic,2025-09-09,39.31
ACQ-0220,CUST-0307,CMP-2025-02,Instagram Reels,2025-04-10,35.22
ACQ-0221,CUST-0539,CMP-2025-04,Google Shopping,2025-10-22,36.12
ACQ-0222,CUST-0022,CMP-2025-01,Email Newsletter,2025-01-10,23.19
ACQ-0223,CUST-0554,CMP-2025-03,Pinterest,2025-06-07,38.56
ACQ-0224,CUST-1132,CMP-2025-03,Email Marketing,2025-06-01,40.09
ACQ-0225,CUST-0048,CMP-2025-01,Organic Search,2025-02-24,22.66
ACQ-0226,CUST-0179,CMP-2025-01,Organic Search,2025-01-05,35.81
ACQ-0227,CUST-1194,CMP-2025-04,Google Shopping,2025-11-10,36.97
ACQ-0228,CUST-0382,CMP-2025-05,Meta Retargeting,2025-11-23,30.43
ACQ-0229,CUST-0254,CMP-2025-01,Direct Traffic,2025-02-08,38.44
ACQ-0230,CUST-0608,CMP-2025-05,Google Remarketing,2025-12-08,24.4
ACQ-0231,CUST-0577,CMP-2025-01,Organic Search,2025-02-03,30.11
ACQ-0232,CUST-0025,CMP-2025-01,Social Organic,2025-12-12,32.32
ACQ-0233,CUST-0654,CMP-2025-04,Google Shopping,2025-10-24,36.44
ACQ-0234,CUST-0088,CMP-2025-04,Google Shopping,2025-10-30,26.12
ACQ-0235,CUST-0819,CMP-2025-04,Meta Ads,2025-11-12,22.05
ACQ-0236,CUST-1019,CMP-2025-03,Instagram,2025-06-19,22.96
ACQ-0237,CUST-0999,CMP-2025-01,Organic Search,2025-01-31,20.07
ACQ-0238,CUST-0290,CMP-2025-04,Google Shopping,2025-10-14,18.8
ACQ-0239,CUST-0879,CMP-2025-05,Google Remarketing,2025-11-28,26.52
ACQ-0240,CUST-0669,CMP-2025-03,Email Marketing,2025-06-24,36.99
ACQ-0241,CUST-0261,CMP-2025-01,Direct Traffic,2025-11-20,35.14
ACQ-0242,CUST-0963,CMP-2025-01,Organic Search,2025-06-10,27.53
ACQ-0243,CUST-0506,CMP-2025-01,LinkedIn,2025-01-30,29.84
ACQ-0244,CUST-0644,CMP-2025-05,SMS,2025-12-02,22.92
ACQ-0245,CUST-0509,CMP-2025-01,Organic Search,2025-08-05,25.51
ACQ-0246,CUST-0864,CMP-2025-04,YouTube Video Ads,2025-10-10,27.48
ACQ-0247,CUST-0561,CMP-2025-02,Instagram Reels,2025-04-15,25.19
ACQ-0248,CUST-0108,CMP-2025-01,Social Organic,2025-10-10,21.83
ACQ-0249,CUST-0664,CMP-2025-03,Instagram,2025-06-23,33.63
ACQ-0250,CUST-0271,CMP-2025-01,Meta Ads,2025-01-18,30.79
ACQ-0251,CUST-0919,CMP-2025-03,Instagram,2025-05-29,33.65
ACQ-0252,CUST-0981,CMP-2025-02,TikTok,2025-03-15,30.26
ACQ-0253,CUST-1045,CMP-2025-01,Email Newsletter,2025-09-10,31.43
ACQ-0254,CUST-0471,CMP-2025-01,Meta Ads,2025-02-01,32.17
ACQ-0255,CUST-1099,CMP-2025-05,SMS,2025-12-08,27.3
ACQ-0256,CUST-0686,CMP-2025-03,Pinterest,2025-06-09,25.21
ACQ-0257,CUST-0420,CMP-2025-01,Meta Ads,2025-02-03,35.96
ACQ-0258,CUST-0622,CMP-2025-01,Google Search,2025-01-24,23.59
ACQ-0259,CUST-0684,CMP-2025-04,Google Shopping,2025-10-21,32.64
ACQ-0260,CUST-0764,CMP-2025-04,Google Shopping,2025-11-11,36.61
ACQ-0261,CUST-0247,CMP-2025-01,Organic Search,2025-12-16,39.19
ACQ-0262,CUST-1188,CMP-2025-03,Pinterest,2025-06-01,31.74
ACQ-0263,CUST-0815,CMP-2025-01,Google Search,2025-01-12,38.02
ACQ-0264,CUST-0130,CMP-2025-01,Social Organic,2025-05-24,35.39
ACQ-0265,CUST-0557,CMP-2025-01,Email Newsletter,2025-04-07,37.54
ACQ-0266,CUST-0097,CMP-2025-01,Google Search,2025-02-02,31.3
ACQ-0267,CUST-0657,CMP-2025-01,Direct Traffic,2025-06-27,32.13
ACQ-0268,CUST-0303,CMP-2025-01,Email Newsletter,2025-09-11,26.97
ACQ-0269,CUST-0282,CMP-2025-03,Email Marketing,2025-06-25,36.21
ACQ-0270,CUST-0700,CMP-2025-02,TikTok,2025-04-06,37.88
ACQ-0271,CUST-1065,CMP-2025-01,LinkedIn,2025-01-26,34.12
ACQ-0272,CUST-1002,CMP-2025-03,Email Marketing,2025-06-19,30.79
ACQ-0273,CUST-0463,CMP-2025-04,YouTube Video Ads,2025-10-10,39.54
ACQ-0274,CUST-1015,CMP-2025-01,Google Search,2025-01-29,25.62
ACQ-0275,CUST-0865,CMP-2025-01,Organic Search,2025-12-05,34.9
ACQ-0276,CUST-0623,CMP-2025-05,SMS,2025-12-20,32.44
ACQ-0277,CUST-0786,CMP-2025-01,Social Organic,2025-02-20,40.8
ACQ-0278,CUST-0178,CMP-2025-05,Meta Retargeting,2025-11-25,35.52
ACQ-0279,CUST-0071,CMP-2025-05,SMS,2025-12-18,28.15
ACQ-0280,CUST-1059,CMP-2025-04,Meta Ads,2025-10-19,19.44
ACQ-0281,CUST-0158,CMP-2025-04,Google Shopping,2025-10-16,36.73
ACQ-0282,CUST-1196,CMP-2025-01,Email Newsletter,2025-04-28,37.5
ACQ-0283,CUST-1153,CMP-2025-04,YouTube Video Ads,2025-10-24,28.6
ACQ-0284,CUST-0069,CMP-2025-05,Meta Retargeting,2025-12-17,20.55
ACQ-0285,CUST-0979,CMP-2025-02,TikTok,2025-04-07,31.65
ACQ-0286,CUST-0655,CMP-2025-01,Direct Traffic,2025-09-03,22.93
ACQ-0287,CUST-0354,CMP-2025-05,SMS,2025-11-24,21.48
ACQ-0288,CUST-1160,CMP-2025-04,Meta Ads,2025-11-10,37.96
ACQ-0289,CUST-0809,CMP-2025-03,Pinterest,2025-06-09,38.15
ACQ-0290,CUST-0323,CMP-2025-05,Meta Retargeting,2025-12-08,28.67
ACQ-0291,CUST-0082,CMP-2025-04,YouTube Video Ads,2025-10-18,37.46
ACQ-0292,CUST-0791,CMP-2025-01,Direct Traffic,2025-12-19,29.53
ACQ-0293,CUST-1092,CMP-2025-01,Google Search,2025-01-26,40.45
ACQ-0294,CUST-0491,CMP-2025-03,Email Marketing,2025-06-03,30.67
ACQ-0295,CUST-0286,CMP-2025-01,Direct Traffic,2025-12-19,34.65
ACQ-0296,CUST-0419,CMP-2025-01,Direct Traffic,2025-10-25,21.25
ACQ-0297,CUST-1101,CMP-2025-03,Email Marketing,2025-06-22,21.42
ACQ-0298,CUST-0137,CMP-2025-03,Pinterest,2025-06-15,32.21
ACQ-0299,CUST-0105,CMP-2025-01,Organic Search,2025-11-18,29.69
ACQ-0300,CUST-0252,CMP-2025-01,Meta Ads,2025-01-12,25.02
ACQ-0301,CUST-0867,CMP-2025-05,Meta Retargeting,2025-11-23,26.43
ACQ-0302,CUST-0473,CMP-2025-05,SMS,2025-12-07,26.81
ACQ-0303,CUST-0451,CMP-2025-04,YouTube Video Ads,2025-10-14,18.91
ACQ-0304,CUST-0996,CMP-2025-02,TikTok,2025-03-27,29.3
ACQ-0305,CUST-0220,CMP-2025-03,Pinterest,2025-06-11,38.47
ACQ-0306,CUST-0837,CMP-2025-01,Email Newsletter,2025-08-15,38.49
ACQ-0307,CUST-0421,CMP-2025-01,Google Search,2025-02-03,23.37
ACQ-0308,CUST-0797,CMP-2025-03,Email Marketing,2025-06-08,28.75
ACQ-0309,CUST-0714,CMP-2025-03,Instagram,2025-05-31,22.46
ACQ-0310,CUST-0470,CMP-2025-02,TikTok,2025-04-03,38.99
ACQ-0311,CUST-0591,CMP-2025-04,Meta Ads,2025-10-11,37.48
ACQ-0312,CUST-0552,CMP-2025-01,Organic Search,2025-04-02,36.81
ACQ-0313,CUST-0313,CMP-2025-02,TikTok,2025-03-16,26.15
ACQ-0314,CUST-1026,CMP-2025-01,Meta Ads,2025-02-04,19.64
ACQ-0315,CUST-0332,CMP-2025-01,Meta Ads,2025-01-14,18.51
ACQ-0316,CUST-1128,CMP-2025-04,YouTube Video Ads,2025-11-03,40.67
ACQ-0317,CUST-0515,CMP-2025-04,Google Shopping,2025-10-11,21.47
ACQ-0318,CUST-0612,CMP-2025-04,Google Shopping,2025-10-25,27.28
ACQ-0319,CUST-0892,CMP-2025-01,Direct Traffic,2025-03-17,33.75
ACQ-0320,CUST-0466,CMP-2025-01,Email Newsletter,2025-05-10,29.46
ACQ-0321,CUST-0852,CMP-2025-01,Organic Search,2025-05-06,25.44
ACQ-0322,CUST-0888,CMP-2025-03,Pinterest,2025-06-06,31.46
ACQ-0323,CUST-0051,CMP-2025-05,Google Remarketing,2025-12-13,27.98
ACQ-0324,CUST-0315,CMP-2025-01,Email Newsletter,2025-07-13,35.69
ACQ-0325,CUST-0403,CMP-2025-04,Meta Ads,2025-10-18,19.48
ACQ-0326,CUST-0856,CMP-2025-01,Social Organic,2025-03-19,41.78
ACQ-0327,CUST-0077,CMP-2025-04,Google Shopping,2025-10-05,40.01
ACQ-0328,CUST-0942,CMP-2025-01,Social Organic,2025-06-25,38.49
ACQ-0329,CUST-0673,CMP-2025-01,Email Newsletter,2025-06-03,19.71
ACQ-0330,CUST-0304,CMP-2025-02,TikTok,2025-03-16,40.26
ACQ-0331,CUST-0613,CMP-2025-02,Influencer,2025-04-09,20.06
ACQ-0332,CUST-0316,CMP-2025-01,Meta Ads,2025-01-31,25.74
ACQ-0333,CUST-0439,CMP-2025-02,Influencer,2025-03-19,37.41
ACQ-0334,CUST-0170,CMP-2025-01,LinkedIn,2025-01-10,28.57
ACQ-0335,CUST-1005,CMP-2025-05,SMS,2025-12-08,20.18
ACQ-0336,CUST-0482,CMP-2025-01,Social Organic,2025-06-08,23.45
ACQ-0337,CUST-0656,CMP-2025-04,Meta Ads,2025-10-28,40.35
ACQ-0338,CUST-0798,CMP-2025-04,Google Shopping,2025-10-30,36.92
ACQ-0339,CUST-0645,CMP-2025-01,Direct Traffic,2025-10-18,18.67
ACQ-0340,CUST-0433,CMP-2025-05,Google Remarketing,2025-12-07,39.41
ACQ-0341,CUST-1121,CMP-2025-04,Google Shopping,2025-10-03,18.92
ACQ-0342,CUST-0950,CMP-2025-01,Direct Traffic,2025-11-08,40.19
ACQ-0343,CUST-1097,CMP-2025-01,Organic Search,2025-10-07,30.29
ACQ-0344,CUST-0599,CMP-2025-04,Google Shopping,2025-10-11,23.3
ACQ-0345,CUST-0634,CMP-2025-01,Organic Search,2025-12-21,20.29
ACQ-0346,CUST-0007,CMP-2025-01,Social Organic,2025-02-03,41.18
ACQ-0347,CUST-1025,CMP-2025-01,Organic Search,2025-10-01,29.81
ACQ-0348,CUST-0189,CMP-2025-04,Google Shopping,2025-10-13,35.54
ACQ-0349,CUST-0886,CMP-2025-05,Meta Retargeting,2025-12-15,22.97
ACQ-0350,CUST-0465,CMP-2025-01,Email Newsletter,2025-09-11,27.6
ACQ-0351,CUST-0075,CMP-2025-01,Meta Ads,2025-02-15,41.71
ACQ-0352,CUST-0175,CMP-2025-01,Meta Ads,2025-02-12,32.43
ACQ-0353,CUST-0246,CMP-2025-01,Google Search,2025-01-30,31.12
ACQ-0354,CUST-0632,CMP-2025-01,Organic Search,2025-07-28,41.56
ACQ-0355,CUST-0832,CMP-2025-03,Pinterest,2025-05-25,39.53
ACQ-0356,CUST-0035,CMP-2025-02,Influencer,2025-03-11,30.48
ACQ-0357,CUST-1185,CMP-2025-02,TikTok,2025-04-09,35.11
ACQ-0358,CUST-0831,CMP-2025-03,Pinterest,2025-06-28,22.83
ACQ-0359,CUST-0272,CMP-2025-01,Organic Search,2025-04-29,35.68
ACQ-0360,CUST-0006,CMP-2025-01,Meta Ads,2025-01-10,26.52
ACQ-0361,CUST-0756,CMP-2025-04,YouTube Video Ads,2025-10-25,34.49
ACQ-0362,CUST-0424,CMP-2025-02,Influencer,2025-04-12,24.21
ACQ-0363,CUST-0289,CMP-2025-02,TikTok,2025-03-28,29.62
ACQ-0364,CUST-0921,CMP-2025-03,Email Marketing,2025-06-14,22.27
ACQ-0365,CUST-0203,CMP-2025-05,Google Remarketing,2025-12-09,18.98
ACQ-0366,CUST-0517,CMP-2025-01,Direct Traffic,2025-12-09,33.25
ACQ-0367,CUST-0824,CMP-2025-05,Google Remarketing,2025-12-12,29.59
ACQ-0368,CUST-0731,CMP-2025-02,Instagram Reels,2025-04-04,23.85
ACQ-0369,CUST-0526,CMP-2025-05,Google Remarketing,2025-12-16,33.61
ACQ-0370,CUST-0192,CMP-2025-01,Direct Traffic,2025-11-03,19.54
ACQ-0371,CUST-0014,CMP-2025-01,Direct Traffic,2025-09-08,37.2
ACQ-0372,CUST-0564,CMP-2025-02,TikTok,2025-03-15,35.71
ACQ-0373,CUST-0928,CMP-2025-05,SMS,2025-12-24,23.57
ACQ-0374,CUST-0277,CMP-2025-02,TikTok,2025-04-04,37.28
ACQ-0375,CUST-0495,CMP-2025-01,LinkedIn,2025-01-31,20.7
ACQ-0376,CUST-0091,CMP-2025-02,TikTok,2025-03-09,34.92
ACQ-0377,CUST-0327,CMP-2025-02,Influencer,2025-04-08,31.19
ACQ-0378,CUST-0182,CMP-2025-05,Meta Retargeting,2025-12-07,28.02
ACQ-0379,CUST-1048,CMP-2025-03,Instagram,2025-06-07,27.11
ACQ-0380,CUST-1077,CMP-2025-01,Meta Ads,2025-01-13,40.31
ACQ-0381,CUST-0835,CMP-2025-01,Google Search,2025-01-25,36.28
ACQ-0382,CUST-0383,CMP-2025-01,Google Search,2025-01-15,25.73
ACQ-0383,CUST-0127,CMP-2025-03,Pinterest,2025-05-17,33.52
ACQ-0384,CUST-0398,CMP-2025-01,Social Organic,2025-05-12,39.26
ACQ-0385,CUST-0276,CMP-2025-03,Email Marketing,2025-05-29,38.59
ACQ-0386,CUST-0061,CMP-2025-03,Pinterest,2025-06-10,21.51
ACQ-0387,CUST-0438,CMP-2025-05,Meta Retargeting,2025-12-12,20.29
ACQ-0388,CUST-0399,CMP-2025-02,Influencer,2025-03-14,30.39
ACQ-0389,CUST-0857,CMP-2025-03,Pinterest,2025-05-17,38.65
ACQ-0390,CUST-0752,CMP-2025-03,Email Marketing,2025-05-30,28.57
ACQ-0391,CUST-0087,CMP-2025-01,Direct Traffic,2025-01-29,26.99
ACQ-0392,CUST-0056,CMP-2025-04,YouTube Video Ads,2025-10-05,23.5
ACQ-0393,CUST-0011,CMP-2025-01,Direct Traffic,2025-08-18,26.55
ACQ-0394,CUST-1083,CMP-2025-01,LinkedIn,2025-01-23,27.3
ACQ-0395,CUST-0098,CMP-2025-05,Google Remarketing,2025-11-24,25.22
ACQ-0396,CUST-0523,CMP-2025-02,Influencer,2025-03-26,35.09
ACQ-0397,CUST-0044,CMP-2025-01,Direct Traffic,2025-06-08,40.9
ACQ-0398,CUST-0457,CMP-2025-02,Influencer,2025-03-28,31.66
ACQ-0399,CUST-0937,CMP-2025-01,Email Newsletter,2025-01-16,22.59
ACQ-0400,CUST-0468,CMP-2025-02,Influencer,2025-03-21,32.66
ACQ-0401,CUST-0890,CMP-2025-01,LinkedIn,2025-02-14,27.39
ACQ-0402,CUST-0031,CMP-2025-04,YouTube Video Ads,2025-10-07,39.23
ACQ-0403,CUST-0516,CMP-2025-01,Direct Traffic,2025-05-17,24.15
ACQ-0404,CUST-1069,CMP-2025-05,Google Remarketing,2025-12-18,33.23
ACQ-0405,CUST-0287,CMP-2025-01,Direct Traffic,2025-07-30,32.51
ACQ-0406,CUST-1008,CMP-2025-01,Email Newsletter,2025-08-31,40.19
ACQ-0407,CUST-1074,CMP-2025-03,Instagram,2025-05-19,23.26
ACQ-0408,CUST-0733,CMP-2025-01,Social Organic,2025-03-29,40.02
ACQ-0409,CUST-0449,CMP-2025-01,Social Organic,2025-05-02,21.61
ACQ-0410,CUST-0771,CMP-2025-02,Influencer,2025-03-29,31.31
ACQ-0411,CUST-1186,CMP-2025-02,Influencer,2025-03-26,19.51
ACQ-0412,CUST-1052,CMP-2025-02,TikTok,2025-03-05,33.52
ACQ-0413,CUST-0479,CMP-2025-01,Direct Traffic,2025-04-29,39.1
ACQ-0414,CUST-0060,CMP-2025-05,Meta Retargeting,2025-12-18,30.08
ACQ-0415,CUST-0032,CMP-2025-01,Meta Ads,2025-02-03,20.48
ACQ-0416,CUST-0357,CMP-2025-05,SMS,2025-11-28,27.85
ACQ-0417,CUST-0581,CMP-2025-05,Meta Retargeting,2025-12-22,34.84
ACQ-0418,CUST-1115,CMP-2025-04,YouTube Video Ads,2025-10-31,36.57
ACQ-0419,CUST-0308,CMP-2025-01,Email Newsletter,2025-10-22,30.39
ACQ-0420,CUST-1012,CMP-2025-01,Social Organic,2025-01-20,34.52
ACQ-0421,CUST-0487,CMP-2025-03,Email Marketing,2025-05-16,36.26
ACQ-0422,CUST-1166,CMP-2025-01,LinkedIn,2025-01-20,22.63
ACQ-0423,CUST-1091,CMP-2025-01,Email Newsletter,2025-05-18,38.01
ACQ-0424,CUST-1173,CMP-2025-01,Direct Traffic,2025-06-24,24.63
ACQ-0425,CUST-0990,CMP-2025-03,Pinterest,2025-06-08,22.54
ACQ-0426,CUST-1034,CMP-2025-04,Meta Ads,2025-10-24,40.86
ACQ-0427,CUST-0033,CMP-2025-04,Google Shopping,2025-11-13,23.77
ACQ-0428,CUST-0232,CMP-2025-01,Direct Traffic,2025-11-03,19.6
ACQ-0429,CUST-0484,CMP-2025-01,Google Search,2025-01-15,23.44
ACQ-0430,CUST-0670,CMP-2025-01,Direct Traffic,2025-04-14,35.63
ACQ-0431,CUST-0975,CMP-2025-01,Direct Traffic,2025-09-26,37.27
ACQ-0432,CUST-0678,CMP-2025-04,Google Shopping,2025-10-27,38.8
ACQ-0433,CUST-1104,CMP-2025-03,Email Marketing,2025-05-25,35.09
ACQ-0434,CUST-1109,CMP-2025-05,Google Remarketing,2025-12-17,37.01
ACQ-0435,CUST-0269,CMP-2025-01,Google Search,2025-01-30,20.13
ACQ-0436,CUST-0872,CMP-2025-02,Instagram Reels,2025-04-13,25.63
ACQ-0437,CUST-0266,CMP-2025-05,Google Remarketing,2025-11-30,25.27
ACQ-0438,CUST-0274,CMP-2025-01,LinkedIn,2025-01-18,21.87
ACQ-0439,CUST-1152,CMP-2025-04,Meta Ads,2025-10-09,38.77
ACQ-0440,CUST-0901,CMP-2025-01,Direct Traffic,2025-11-27,19.99
ACQ-0441,CUST-1157,CMP-2025-02,TikTok,2025-03-02,22.55
ACQ-0442,CUST-0844,CMP-2025-01,Email Newsletter,2025-02-21,37.29
ACQ-0443,CUST-1139,CMP-2025-01,Organic Search,2025-05-17,29.99
ACQ-0444,CUST-0144,CMP-2025-03,Pinterest,2025-05-30,29.51
ACQ-0445,CUST-0202,CMP-2025-03,Pinterest,2025-06-09,38.78
ACQ-0446,CUST-0544,CMP-2025-01,Email Newsletter,2025-09-08,30.69
ACQ-0447,CUST-0083,CMP-2025-03,Email Marketing,2025-06-03,33.67
ACQ-0448,CUST-0343,CMP-2025-01,Social Organic,2025-10-28,34.1
ACQ-0449,CUST-0191,CMP-2025-01,Meta Ads,2025-01-19,33.38
ACQ-0450,CUST-0840,CMP-2025-02,Influencer,2025-03-04,36.63
ACQ-0451,CUST-0086,CMP-2025-01,LinkedIn,2025-02-07,26.56
ACQ-0452,CUST-0618,CMP-2025-01,Social Organic,2025-02-23,22.64
ACQ-0453,CUST-0588,CMP-2025-01,Google Search,2025-01-22,41.87
ACQ-0454,CUST-0003,CMP-2025-01,Social Organic,2025-04-20,21.51
ACQ-0455,CUST-0930,CMP-2025-03,Email Marketing,2025-05-27,31.42
ACQ-0456,CUST-0435,CMP-2025-01,Direct Traffic,2025-05-13,19.1
ACQ-0457,CUST-1014,CMP-2025-02,TikTok,2025-04-08,28.91
ACQ-0458,CUST-0016,CMP-2025-03,Instagram,2025-05-17,21.43
ACQ-0459,CUST-0755,CMP-2025-03,Email Marketing,2025-06-23,28.91
ACQ-0460,CUST-0243,CMP-2025-01,Organic Search,2025-09-21,23.37
ACQ-0461,CUST-0817,CMP-2025-01,Google Search,2025-02-10,30.63
ACQ-0462,CUST-0173,CMP-2025-01,Meta Ads,2025-02-05,24.29
ACQ-0463,CUST-0590,CMP-2025-05,Google Remarketing,2025-12-07,23.19
ACQ-0464,CUST-0036,CMP-2025-02,Influencer,2025-03-23,34.39
ACQ-0465,CUST-1017,CMP-2025-01,Google Search,2025-02-14,23.18
ACQ-0466,CUST-0521,CMP-2025-01,Direct Traffic,2025-07-21,20.35
ACQ-0467,CUST-0284,CMP-2025-04,Meta Ads,2025-10-02,41.53
ACQ-0468,CUST-0052,CMP-2025-01,Email Newsletter,2025-03-01,32.33
ACQ-0469,CUST-0538,CMP-2025-05,SMS,2025-12-25,31.73
ACQ-0470,CUST-0511,CMP-2025-01,Meta Ads,2025-01-30,19.49
ACQ-0471,CUST-0949,CMP-2025-01,LinkedIn,2025-02-05,31.58
ACQ-0472,CUST-0305,CMP-2025-03,Email Marketing,2025-05-18,31.92
ACQ-0473,CUST-0375,CMP-2025-05,SMS,2025-12-08,39.93
ACQ-0474,CUST-0301,CMP-2025-01,Organic Search,2025-02-12,35.68
ACQ-0475,CUST-0594,CMP-2025-01,Organic Search,2025-09-18,41.31
ACQ-0476,CUST-0730,CMP-2025-02,Influencer,2025-04-06,27.28
ACQ-0477,CUST-0188,CMP-2025-01,Direct Traffic,2025-12-09,30.51
ACQ-0478,CUST-0339,CMP-2025-04,YouTube Video Ads,2025-11-05,22.04
ACQ-0479,CUST-0103,CMP-2025-05,SMS,2025-12-12,21.27
ACQ-0480,CUST-0373,CMP-2025-01,LinkedIn,2025-02-05,25.15
ACQ-0481,CUST-0880,CMP-2025-04,Meta Ads,2025-11-02,20.02
ACQ-0482,CUST-0292,CMP-2025-03,Instagram,2025-06-21,37.9
ACQ-0483,CUST-1030,CMP-2025-01,Email Newsletter,2025-04-24,31.02
ACQ-0484,CUST-0893,CMP-2025-03,Instagram,2025-06-09,41.78
ACQ-0485,CUST-0183,CMP-2025-02,Influencer,2025-03-08,24.33
ACQ-0486,CUST-0619,CMP-2025-03,Instagram,2025-05-22,28.58
ACQ-0487,CUST-0530,CMP-2025-05,Meta Retargeting,2025-12-24,31.35
ACQ-0488,CUST-1038,CMP-2025-03,Instagram,2025-06-28,26.19
ACQ-0489,CUST-0227,CMP-2025-02,TikTok,2025-04-08,19.88
ACQ-0490,CUST-0720,CMP-2025-04,YouTube Video Ads,2025-10-06,35.61
ACQ-0491,CUST-0425,CMP-2025-02,Influencer,2025-03-27,21.46
ACQ-0492,CUST-0777,CMP-2025-01,LinkedIn,2025-01-11,33.81
ACQ-0493,CUST-0697,CMP-2025-01,Google Search,2025-02-15,36.55
ACQ-0494,CUST-0329,CMP-2025-01,Direct Traffic,2025-03-02,25.41
ACQ-0495,CUST-0648,CMP-2025-04,Meta Ads,2025-10-02,22.66
ACQ-0496,CUST-1093,CMP-2025-01,Organic Search,2025-11-24,18.64
ACQ-0497,CUST-0734,CMP-2025-01,Meta Ads,2025-01-27,41.86
ACQ-0498,CUST-0156,CMP-2025-01,Meta Ads,2025-01-20,30.93
ACQ-0499,CUST-1053,CMP-2025-02,Influencer,2025-03-08,34.83
ACQ-0500,CUST-0550,CMP-2025-04,YouTube Video Ads,2025-10-17,27.13
ACQ-0501,CUST-0229,CMP-2025-02,Influencer,2025-03-10,41.64
ACQ-0502,CUST-0174,CMP-2025-04,YouTube Video Ads,2025-10-14,25.4
ACQ-0503,CUST-0063,CMP-2025-05,SMS,2025-12-24,22.49
ACQ-0504,CUST-1112,CMP-2025-01,Meta Ads,2025-02-03,24.49
ACQ-0505,CUST-0666,CMP-2025-01,Direct Traffic,2025-09-15,24.77
ACQ-0506,CUST-0213,CMP-2025-04,YouTube Video Ads,2025-10-29,25.24
ACQ-0507,CUST-0627,CMP-2025-01,Direct Traffic,2025-06-11,38.18
ACQ-0508,CUST-0062,CMP-2025-02,TikTok,2025-04-06,30.65
ACQ-0509,CUST-0344,CMP-2025-01,Meta Ads,2025-01-17,23.91
ACQ-0510,CUST-0778,CMP-2025-01,LinkedIn,2025-02-11,32.53
ACQ-0511,CUST-0606,CMP-2025-04,Meta Ads,2025-10-06,40.06
ACQ-0512,CUST-0400,CMP-2025-04,YouTube Video Ads,2025-11-07,37.07
ACQ-0513,CUST-0551,CMP-2025-01,Organic Search,2025-08-29,27.13
ACQ-0514,CUST-1123,CMP-2025-05,SMS,2025-11-29,35.55
ACQ-0515,CUST-1084,CMP-2025-01,Email Newsletter,2025-12-05,36.87
ACQ-0516,CUST-0779,CMP-2025-01,Meta Ads,2025-02-14,36.38
ACQ-0517,CUST-0242,CMP-2025-04,Meta Ads,2025-10-19,34.27
ACQ-0518,CUST-0153,CMP-2025-05,Meta Retargeting,2025-11-29,32.8
ACQ-0519,CUST-1177,CMP-2025-01,Google Search,2025-01-14,23.66
ACQ-0520,CUST-0574,CMP-2025-01,LinkedIn,2025-02-10,40.72
ACQ-0521,CUST-0090,CMP-2025-01,Email Newsletter,2025-04-27,19.75
ACQ-0522,CUST-0947,CMP-2025-04,YouTube Video Ads,2025-11-07,18.85
ACQ-0523,CUST-0601,CMP-2025-02,Instagram Reels,2025-04-06,28.21
ACQ-0524,CUST-0706,CMP-2025-03,Instagram,2025-06-01,28.22
ACQ-0525,CUST-0637,CMP-2025-01,Organic Search,2025-02-12,19.33
ACQ-0526,CUST-0897,CMP-2025-02,TikTok,2025-03-22,28.39
ACQ-0527,CUST-0746,CMP-2025-01,Direct Traffic,2025-03-23,35.64
ACQ-0528,CUST-0683,CMP-2025-01,Organic Search,2025-06-16,30.09
ACQ-0529,CUST-0646,CMP-2025-01,Organic Search,2025-05-18,34.54
ACQ-0530,CUST-1159,CMP-2025-01,Google Search,2025-01-10,36.35
ACQ-0531,CUST-0898,CMP-2025-04,Google Shopping,2025-10-07,35.05
ACQ-0532,CUST-0058,CMP-2025-01,Organic Search,2025-12-08,19.63
ACQ-0533,CUST-0417,CMP-2025-05,Google Remarketing,2025-11-27,26.68
ACQ-0534,CUST-0148,CMP-2025-05,SMS,2025-11-26,26.42
ACQ-0535,CUST-0151,CMP-2025-04,Meta Ads,2025-10-31,36.79
ACQ-0536,CUST-0685,CMP-2025-02,Instagram Reels,2025-03-11,37.97
ACQ-0537,CUST-1171,CMP-2025-04,Google Shopping,2025-11-13,24.24
ACQ-0538,CUST-1046,CMP-2025-01,Meta Ads,2025-01-19,20.58
ACQ-0539,CUST-1113,CMP-2025-05,Meta Retargeting,2025-12-01,32.45
ACQ-0540,CUST-0096,CMP-2025-02,TikTok,2025-03-27,37.24
ACQ-0541,CUST-0524,CMP-2025-04,YouTube Video Ads,2025-10-02,21.46
ACQ-0542,CUST-0371,CMP-2025-02,Influencer,2025-03-07,35.55
ACQ-0543,CUST-1070,CMP-2025-04,Google Shopping,2025-10-01,31.79
ACQ-0544,CUST-0964,CMP-2025-01,LinkedIn,2025-02-03,19.54
ACQ-0545,CUST-1096,CMP-2025-01,Direct Traffic,2025-12-25,20.08
ACQ-0546,CUST-1043,CMP-2025-03,Instagram,2025-05-18,41.89
ACQ-0547,CUST-0270,CMP-2025-01,Organic Search,2025-09-26,20.05
ACQ-0548,CUST-0027,CMP-2025-02,Influencer,2025-03-04,34.85
ACQ-0549,CUST-1020,CMP-2025-02,TikTok,2025-04-14,24.23
ACQ-0550,CUST-0834,CMP-2025-02,TikTok,2025-03-01,26.59
ACQ-0551,CUST-1193,CMP-2025-01,Organic Search,2025-09-29,40.69
ACQ-0552,CUST-0807,CMP-2025-01,Email Newsletter,2025-02-13,27.01
ACQ-0553,CUST-0522,CMP-2025-01,Google Search,2025-02-07,41.52
ACQ-0554,CUST-0241,CMP-2025-02,Instagram Reels,2025-03-17,34.14
ACQ-0555,CUST-1155,CMP-2025-04,Google Shopping,2025-10-22,27.93
ACQ-0556,CUST-1180,CMP-2025-03,Instagram,2025-06-12,38.56
ACQ-0557,CUST-0280,CMP-2025-05,Meta Retargeting,2025-11-27,27.54
ACQ-0558,CUST-0851,CMP-2025-01,Social Organic,2025-06-04,39.32
ACQ-0559,CUST-0846,CMP-2025-04,YouTube Video Ads,2025-10-15,39.74
ACQ-0560,CUST-1016,CMP-2025-01,Direct Traffic,2025-07-02,21.84
ACQ-0561,CUST-0915,CMP-2025-05,Meta Retargeting,2025-12-07,23.41
ACQ-0562,CUST-0532,CMP-2025-04,Google Shopping,2025-10-04,23.06
ACQ-0563,CUST-0456,CMP-2025-01,Direct Traffic,2025-08-25,32.07
ACQ-0564,CUST-0312,CMP-2025-02,Instagram Reels,2025-03-09,22.88
ACQ-0565,CUST-0617,CMP-2025-05,Meta Retargeting,2025-11-27,36.43
ACQ-0566,CUST-0337,CMP-2025-01,Direct Traffic,2025-04-12,27.38
ACQ-0567,CUST-0801,CMP-2025-01,LinkedIn,2025-01-21,33.33
ACQ-0568,CUST-0722,CMP-2025-01,Direct Traffic,2025-12-04,39.87
ACQ-0569,CUST-0971,CMP-2025-02,TikTok,2025-03-23,23.83
ACQ-0570,CUST-0962,CMP-2025-01,Meta Ads,2025-02-14,30.52
ACQ-0571,CUST-1036,CMP-2025-01,Organic Search,2025-04-13,20.82
ACQ-0572,CUST-0726,CMP-2025-05,SMS,2025-12-04,34.43
ACQ-0573,CUST-0250,CMP-2025-03,Pinterest,2025-05-24,20.19
ACQ-0574,CUST-0818,CMP-2025-04,Google Shopping,2025-11-12,19.99
ACQ-0575,CUST-0159,CMP-2025-03,Email Marketing,2025-06-05,18.9
ACQ-0576,CUST-0881,CMP-2025-01,Email Newsletter,2025-11-14,31.0
ACQ-0577,CUST-1072,CMP-2025-01,Google Search,2025-01-20,39.49
ACQ-0578,CUST-1116,CMP-2025-02,TikTok,2025-04-10,40.61
ACQ-0579,CUST-0325,CMP-2025-01,Meta Ads,2025-02-01,36.7
ACQ-0580,CUST-1154,CMP-2025-03,Pinterest,2025-06-14,19.67
ACQ-0581,CUST-0068,CMP-2025-02,Influencer,2025-03-23,23.68
ACQ-0582,CUST-0368,CMP-2025-01,Meta Ads,2025-01-20,29.37
ACQ-0583,CUST-0626,CMP-2025-04,YouTube Video Ads,2025-11-06,32.34
ACQ-0584,CUST-1178,CMP-2025-01,Organic Search,2025-07-29,30.86
ACQ-0585,CUST-0205,CMP-2025-01,LinkedIn,2025-01-10,28.97
ACQ-0586,CUST-0089,CMP-2025-03,Instagram,2025-06-17,25.25
ACQ-0587,CUST-0258,CMP-2025-01,Google Search,2025-01-12,31.82
ACQ-0588,CUST-0005,CMP-2025-04,YouTube Video Ads,2025-10-06,32.82
ACQ-0589,CUST-0391,CMP-2025-01,Direct Traffic,2025-03-22,19.29
ACQ-0590,CUST-0376,CMP-2025-02,TikTok,2025-04-11,25.58
ACQ-0591,CUST-1107,CMP-2025-01,Social Organic,2025-01-17,35.2
ACQ-0592,CUST-0690,CMP-2025-01,Direct Traffic,2025-03-23,21.64
ACQ-0593,CUST-0221,CMP-2025-01,Meta Ads,2025-01-24,23.14
ACQ-0594,CUST-0877,CMP-2025-01,Organic Search,2025-07-06,28.78
ACQ-0595,CUST-0115,CMP-2025-02,Influencer,2025-03-15,31.57
ACQ-0596,CUST-0444,CMP-2025-02,Influencer,2025-03-03,25.46
ACQ-0597,CUST-0531,CMP-2025-05,Meta Retargeting,2025-12-19,38.04
ACQ-0598,CUST-0534,CMP-2025-05,Google Remarketing,2025-12-01,19.68
ACQ-0599,CUST-0649,CMP-2025-05,Google Remarketing,2025-12-11,36.32
ACQ-0600,CUST-0507,CMP-2025-02,TikTok,2025-03-29,37.17
ACQ-0601,CUST-0152,CMP-2025-01,LinkedIn,2025-02-10,19.35
ACQ-0602,CUST-0593,CMP-2025-01,Google Search,2025-02-03,34.46
ACQ-0603,CUST-0147,CMP-2025-03,Pinterest,2025-05-27,29.03
ACQ-0604,CUST-0875,CMP-2025-02,Influencer,2025-03-11,35.92
ACQ-0605,CUST-0972,CMP-2025-02,Instagram Reels,2025-03-11,31.83
ACQ-0606,CUST-0586,CMP-2025-03,Instagram,2025-06-10,22.06
ACQ-0607,CUST-0477,CMP-2025-04,Meta Ads,2025-11-12,33.68
ACQ-0608,CUST-0322,CMP-2025-01,Meta Ads,2025-01-21,20.72
ACQ-0609,CUST-0763,CMP-2025-04,YouTube Video Ads,2025-11-04,30.24
ACQ-0610,CUST-0643,CMP-2025-04,Google Shopping,2025-11-10,40.72
ACQ-0611,CUST-0094,CMP-2025-05,Meta Retargeting,2025-12-06,37.2
ACQ-0612,CUST-0450,CMP-2025-01,Organic Search,2025-08-05,35.83
ACQ-0613,CUST-0008,CMP-2025-01,Meta Ads,2025-01-30,24.85
ACQ-0614,CUST-0418,CMP-2025-04,YouTube Video Ads,2025-10-27,20.46
ACQ-0615,CUST-0389,CMP-2025-05,Meta Retargeting,2025-11-30,35.35
ACQ-0616,CUST-0716,CMP-2025-01,Organic Search,2025-08-25,30.92
ACQ-0617,CUST-0041,CMP-2025-04,Meta Ads,2025-11-01,33.79
ACQ-0618,CUST-0013,CMP-2025-05,SMS,2025-12-23,37.61
ACQ-0619,CUST-0911,CMP-2025-01,Organic Search,2025-03-01,26.78
ACQ-0620,CUST-0559,CMP-2025-01,Google Search,2025-02-07,39.33
ACQ-0621,CUST-0974,CMP-2025-05,SMS,2025-12-16,41.73
ACQ-0622,CUST-0993,CMP-2025-01,LinkedIn,2025-02-14,29.25
ACQ-0623,CUST-0081,CMP-2025-03,Instagram,2025-06-19,18.92
ACQ-0624,CUST-0735,CMP-2025-02,Influencer,2025-03-01,31.97
ACQ-0625,CUST-0989,CMP-2025-05,SMS,2025-12-25,32.48
ACQ-0626,CUST-0800,CMP-2025-01,Social Organic,2025-07-26,33.66
ACQ-0627,CUST-0259,CMP-2025-03,Email Marketing,2025-06-23,39.0
ACQ-0628,CUST-0350,CMP-2025-02,Instagram Reels,2025-04-04,18.64
ACQ-0629,CUST-0140,CMP-2025-01,Direct Traffic,2025-08-30,33.38
ACQ-0630,CUST-0555,CMP-2025-05,Google Remarketing,2025-12-05,31.56
ACQ-0631,CUST-0349,CMP-2025-03,Email Marketing,2025-05-23,20.88
ACQ-0632,CUST-0190,CMP-2025-04,Google Shopping,2025-10-20,23.91
ACQ-0633,CUST-0610,CMP-2025-05,Google Remarketing,2025-12-08,21.3
ACQ-0634,CUST-1049,CMP-2025-05,Google Remarketing,2025-11-26,34.61
ACQ-0635,CUST-0180,CMP-2025-01,Email Newsletter,2025-08-15,40.44
ACQ-0636,CUST-0134,CMP-2025-01,Email Newsletter,2025-04-25,21.71
ACQ-0637,CUST-0099,CMP-2025-05,Meta Retargeting,2025-12-11,32.07
ACQ-0638,CUST-1054,CMP-2025-01,Email Newsletter,2025-06-02,32.2
ACQ-0639,CUST-0760,CMP-2025-01,Social Organic,2025-09-09,36.22
ACQ-0640,CUST-0106,CMP-2025-01,LinkedIn,2025-02-07,29.37
ACQ-0641,CUST-0430,CMP-2025-03,Pinterest,2025-06-11,21.18
ACQ-0642,CUST-0453,CMP-2025-01,Social Organic,2025-07-11,36.0
ACQ-0643,CUST-0952,CMP-2025-01,Social Organic,2025-01-07,23.09
ACQ-0644,CUST-1198,CMP-2025-02,Influencer,2025-04-04,41.64
ACQ-0645,CUST-0422,CMP-2025-04,Google Shopping,2025-10-09,20.35
ACQ-0646,CUST-0496,CMP-2025-01,Organic Search,2025-01-31,33.23
ACQ-0647,CUST-0598,CMP-2025-02,Instagram Reels,2025-03-06,38.73
ACQ-0648,CUST-0237,CMP-2025-03,Pinterest,2025-05-30,32.92
ACQ-0649,CUST-0774,CMP-2025-01,Email Newsletter,2025-05-12,20.3
ACQ-0650,CUST-0387,CMP-2025-05,Google Remarketing,2025-11-20,41.53
ACQ-0651,CUST-0650,CMP-2025-01,Email Newsletter,2025-01-12,32.02
ACQ-0652,CUST-1032,CMP-2025-01,Email Newsletter,2025-02-03,23.33
ACQ-0653,CUST-0026,CMP-2025-01,LinkedIn,2025-02-01,37.91
ACQ-0654,CUST-0573,CMP-2025-01,LinkedIn,2025-02-10,38.21
ACQ-0655,CUST-0761,CMP-2025-01,Organic Search,2025-05-03,19.9
ACQ-0656,CUST-0204,CMP-2025-02,TikTok,2025-03-04,22.01
ACQ-0657,CUST-0642,CMP-2025-01,Meta Ads,2025-02-10,26.34
ACQ-0658,CUST-0184,CMP-2025-01,Meta Ads,2025-02-07,20.7
ACQ-0659,CUST-0155,CMP-2025-04,Meta Ads,2025-10-10,19.09
ACQ-0660,CUST-0228,CMP-2025-05,Meta Retargeting,2025-11-24,29.19
ACQ-0661,CUST-0462,CMP-2025-01,Direct Traffic,2025-05-31,22.82
ACQ-0662,CUST-1195,CMP-2025-04,Meta Ads,2025-10-31,27.33
ACQ-0663,CUST-0647,CMP-2025-02,TikTok,2025-03-31,33.81
ACQ-0664,CUST-0275,CMP-2025-03,Pinterest,2025-06-28,31.19
ACQ-0665,CUST-0585,CMP-2025-01,Email Newsletter,2025-10-02,24.5
ACQ-0666,CUST-0827,CMP-2025-05,SMS,2025-12-02,41.11
ACQ-0667,CUST-0571,CMP-2025-05,Google Remarketing,2025-12-17,40.7
ACQ-0668,CUST-0653,CMP-2025-02,TikTok,2025-03-10,22.45
ACQ-0669,CUST-0447,CMP-2025-01,LinkedIn,2025-01-11,27.36
ACQ-0670,CUST-0788,CMP-2025-02,Influencer,2025-03-16,30.12
ACQ-0671,CUST-0796,CMP-2025-03,Instagram,2025-06-03,40.66
ACQ-0672,CUST-0501,CMP-2025-01,Organic Search,2025-02-12,30.8
ACQ-0673,CUST-1138,CMP-2025-03,Instagram,2025-06-05,36.34
ACQ-0674,CUST-0141,CMP-2025-03,Email Marketing,2025-05-30,28.16
ACQ-0675,CUST-0547,CMP-2025-01,Direct Traffic,2025-01-09,35.1
ACQ-0676,CUST-0306,CMP-2025-01,Organic Search,2025-07-20,30.98
ACQ-0677,CUST-0328,CMP-2025-01,Email Newsletter,2025-04-24,18.91
ACQ-0678,CUST-1147,CMP-2025-01,Social Organic,2025-10-10,21.02
ACQ-0679,CUST-0362,CMP-2025-01,Organic Search,2025-06-17,25.24
ACQ-0680,CUST-0355,CMP-2025-03,Instagram,2025-06-11,19.76
ACQ-0681,CUST-0750,CMP-2025-02,TikTok,2025-03-20,24.6
ACQ-0682,CUST-0808,CMP-2025-01,Google Search,2025-02-11,35.03
ACQ-0683,CUST-0553,CMP-2025-01,Email Newsletter,2025-05-31,38.0
ACQ-0684,CUST-1122,CMP-2025-01,Google Search,2025-01-19,37.08
ACQ-0685,CUST-0208,CMP-2025-05,Meta Retargeting,2025-12-21,31.35
ACQ-0686,CUST-0860,CMP-2025-04,Meta Ads,2025-10-26,26.66
ACQ-0687,CUST-0109,CMP-2025-01,Organic Search,2025-04-14,41.99
ACQ-0688,CUST-0102,CMP-2025-03,Instagram,2025-05-17,25.5
ACQ-0689,CUST-1137,CMP-2025-01,Meta Ads,2025-02-03,36.37
ACQ-0690,CUST-0956,CMP-2025-01,Social Organic,2025-06-18,40.15
ACQ-0691,CUST-1071,CMP-2025-01,Email Newsletter,2025-08-30,32.57
ACQ-0692,CUST-0527,CMP-2025-03,Instagram,2025-05-27,23.51
ACQ-0693,CUST-1184,CMP-2025-01,Direct Traffic,2025-07-06,20.6
ACQ-0694,CUST-0611,CMP-2025-01,Organic Search,2025-07-18,29.79
ACQ-0695,CUST-1022,CMP-2025-02,Influencer,2025-04-01,37.0
ACQ-0696,CUST-0330,CMP-2025-04,Google Shopping,2025-10-02,36.99
ACQ-0697,CUST-1089,CMP-2025-01,Organic Search,2025-04-28,23.59
ACQ-0698,CUST-0980,CMP-2025-01,Social Organic,2025-12-28,23.39
ACQ-0699,CUST-0833,CMP-2025-01,Social Organic,2025-12-22,30.65
ACQ-0700,CUST-0933,CMP-2025-01,Direct Traffic,2025-04-03,22.62
ACQ-0701,CUST-0219,CMP-2025-01,LinkedIn,2025-01-28,39.25
ACQ-0702,CUST-0443,CMP-2025-01,Direct Traffic,2025-02-11,28.97
ACQ-0703,CUST-1127,CMP-2025-05,SMS,2025-12-04,23.78
ACQ-0704,CUST-0370,CMP-2025-01,LinkedIn,2025-01-20,21.27
ACQ-0705,CUST-0543,CMP-2025-05,Google Remarketing,2025-12-13,35.49
ACQ-0706,CUST-0858,CMP-2025-01,Email Newsletter,2025-07-06,38.39
ACQ-0707,CUST-0212,CMP-2025-02,TikTok,2025-04-08,22.88
ACQ-0708,CUST-0488,CMP-2025-03,Pinterest,2025-05-31,39.98
ACQ-0709,CUST-0395,CMP-2025-02,TikTok,2025-03-01,26.9
ACQ-0710,CUST-1136,CMP-2025-01,Direct Traffic,2025-05-26,33.16
ACQ-0711,CUST-0505,CMP-2025-02,TikTok,2025-04-07,18.67
ACQ-0712,CUST-0251,CMP-2025-03,Instagram,2025-06-01,39.17
ACQ-0713,CUST-0055,CMP-2025-05,SMS,2025-11-30,39.16
ACQ-0714,CUST-0472,CMP-2025-01,Social Organic,2025-07-01,20.71
ACQ-0715,CUST-1028,CMP-2025-03,Pinterest,2025-06-24,26.05
ACQ-0716,CUST-1144,CMP-2025-01,LinkedIn,2025-02-01,40.65
ACQ-0717,CUST-0257,CMP-2025-02,TikTok,2025-03-24,38.76
ACQ-0718,CUST-1200,CMP-2025-05,Meta Retargeting,2025-11-30,38.94
ACQ-0719,CUST-0028,CMP-2025-04,YouTube Video Ads,2025-10-26,28.92
ACQ-0720,CUST-0820,CMP-2025-04,Google Shopping,2025-10-04,38.95
ACQ-0721,CUST-0580,CMP-2025-01,Direct Traffic,2025-08-11,40.56
ACQ-0722,CUST-0085,CMP-2025-01,Direct Traffic,2025-05-27,28.96
ACQ-0723,CUST-0695,CMP-2025-03,Email Marketing,2025-06-24,29.82
ACQ-0724,CUST-0067,CMP-2025-02,TikTok,2025-03-31,24.65
ACQ-0725,CUST-0193,CMP-2025-04,YouTube Video Ads,2025-11-02,24.66
ACQ-0726,CUST-0123,CMP-2025-04,YouTube Video Ads,2025-11-14,38.31
ACQ-0727,CUST-0931,CMP-2025-05,Google Remarketing,2025-12-14,41.44
ACQ-0728,CUST-0624,CMP-2025-02,Influencer,2025-04-14,33.02
ACQ-0729,CUST-0045,CMP-2025-01,Direct Traffic,2025-11-23,21.77
ACQ-0730,CUST-0662,CMP-2025-01,Direct Traffic,2025-04-15,29.4
ACQ-0731,CUST-0754,CMP-2025-05,Google Remarketing,2025-12-23,23.95
ACQ-0732,CUST-0955,CMP-2025-01,Email Newsletter,2025-02-27,30.3
ACQ-0733,CUST-0234,CMP-2025-05,Google Remarketing,2025-11-23,33.79
ACQ-0734,CUST-1047,CMP-2025-01,Meta Ads,2025-01-22,21.19
ACQ-0735,CUST-0040,CMP-2025-05,SMS,2025-12-22,41.2
ACQ-0736,CUST-1142,CMP-2025-02,Influencer,2025-03-02,21.32
ACQ-0737,CUST-0519,CMP-2025-05,Meta Retargeting,2025-12-21,20.41
ACQ-0738,CUST-0920,CMP-2025-03,Email Marketing,2025-05-30,21.62
ACQ-0739,CUST-0558,CMP-2025-01,Direct Traffic,2025-09-19,21.29
ACQ-0740,CUST-0757,CMP-2025-04,Meta Ads,2025-10-27,41.08
ACQ-0741,CUST-0825,CMP-2025-01,Google Search,2025-01-14,19.67
ACQ-0742,CUST-0625,CMP-2025-01,Organic Search,2025-12-05,38.96
ACQ-0743,CUST-0377,CMP-2025-01,Email Newsletter,2025-06-08,25.24
ACQ-0744,CUST-0847,CMP-2025-05,Google Remarketing,2025-11-24,33.3
ACQ-0745,CUST-1103,CMP-2025-01,Google Search,2025-01-27,23.03
ACQ-0746,CUST-0804,CMP-2025-02,TikTok,2025-04-08,40.16
ACQ-0747,CUST-0104,CMP-2025-05,Meta Retargeting,2025-12-05,35.35
ACQ-0748,CUST-0038,CMP-2025-01,Direct Traffic,2025-05-08,22.69
ACQ-0749,CUST-0885,CMP-2025-05,Meta Retargeting,2025-12-25,32.52
ACQ-0750,CUST-1108,CMP-2025-01,Social Organic,2025-12-21,38.84
ACQ-0751,CUST-0326,CMP-2025-03,Email Marketing,2025-05-29,34.44
ACQ-0752,CUST-0607,CMP-2025-01,LinkedIn,2025-02-13,36.66
ACQ-0753,CUST-0766,CMP-2025-05,Meta Retargeting,2025-12-18,39.81
ACQ-0754,CUST-0806,CMP-2025-04,Google Shopping,2025-10-26,37.99
ACQ-0755,CUST-0338,CMP-2025-02,TikTok,2025-04-10,27.07
ACQ-0756,CUST-0943,CMP-2025-01,Social Organic,2025-10-19,23.93
ACQ-0757,CUST-0605,CMP-2025-03,Pinterest,2025-06-01,40.87
ACQ-0758,CUST-0248,CMP-2025-01,Social Organic,2025-11-01,33.29
ACQ-0759,CUST-0265,CMP-2025-03,Instagram,2025-05-19,32.38
ACQ-0760,CUST-0541,CMP-2025-05,SMS,2025-12-19,40.94
ACQ-0761,CUST-0498,CMP-2025-01,Email Newsletter,2025-12-22,37.33
ACQ-0762,CUST-0492,CMP-2025-01,Email Newsletter,2025-07-22,27.34
ACQ-0763,CUST-0485,CMP-2025-02,Influencer,2025-03-15,38.89
ACQ-0764,CUST-0293,CMP-2025-01,Direct Traffic,2025-08-12,21.5
ACQ-0765,CUST-0207,CMP-2025-05,SMS,2025-12-24,20.25
ACQ-0766,CUST-0410,CMP-2025-03,Email Marketing,2025-06-20,27.92
ACQ-0767,CUST-0125,CMP-2025-03,Pinterest,2025-06-30,32.87
ACQ-0768,CUST-0225,CMP-2025-04,YouTube Video Ads,2025-11-09,18.81
ACQ-0769,CUST-0392,CMP-2025-01,Direct Traffic,2025-03-20,20.76
ACQ-0770,CUST-0413,CMP-2025-05,SMS,2025-11-28,26.02
ACQ-0771,CUST-0218,CMP-2025-02,TikTok,2025-03-16,22.46
ACQ-0772,CUST-0340,CMP-2025-04,YouTube Video Ads,2025-10-19,23.43
ACQ-0773,CUST-0741,CMP-2025-01,Email Newsletter,2025-10-16,33.14
ACQ-0774,CUST-0215,CMP-2025-01,Social Organic,2025-06-09,39.36
ACQ-0775,CUST-0101,CMP-2025-05,Google Remarketing,2025-12-18,33.25
ACQ-0776,CUST-0876,CMP-2025-01,Email Newsletter,2025-01-12,23.62
ACQ-0777,CUST-0679,CMP-2025-03,Instagram,2025-06-25,23.83
ACQ-0778,CUST-0927,CMP-2025-05,Google Remarketing,2025-12-14,28.73
ACQ-0779,CUST-0493,CMP-2025-01,Meta Ads,2025-01-18,21.64
ACQ-0780,CUST-0428,CMP-2025-01,Direct Traffic,2025-08-05,39.44
ACQ-0781,CUST-0263,CMP-2025-01,Google Search,2025-02-15,35.77
ACQ-0782,CUST-0556,CMP-2025-01,Email Newsletter,2025-12-16,29.81
ACQ-0783,CUST-0002,CMP-2025-02,Instagram Reels,2025-03-15,40.24
ACQ-0784,CUST-1078,CMP-2025-05,Meta Retargeting,2025-12-10,21.65
ACQ-0785,CUST-0133,CMP-2025-04,Google Shopping,2025-10-31,22.51
ACQ-0786,CUST-1124,CMP-2025-01,LinkedIn,2025-02-04,26.02
ACQ-0787,CUST-0758,CMP-2025-01,Organic Search,2025-11-24,33.06
ACQ-0788,CUST-0427,CMP-2025-04,YouTube Video Ads,2025-10-09,39.2
ACQ-0789,CUST-0321,CMP-2025-04,YouTube Video Ads,2025-10-13,31.36
ACQ-0790,CUST-0842,CMP-2025-05,SMS,2025-12-17,32.08
ACQ-0791,CUST-0813,CMP-2025-03,Pinterest,2025-05-24,41.8
ACQ-0792,CUST-1199,CMP-2025-01,Social Organic,2025-10-29,18.77
ACQ-0793,CUST-0442,CMP-2025-04,Meta Ads,2025-10-31,40.99
ACQ-0794,CUST-0855,CMP-2025-01,Organic Search,2025-03-02,36.08
ACQ-0795,CUST-0034,CMP-2025-01,Email Newsletter,2025-06-05,34.22
ACQ-0796,CUST-0181,CMP-2025-01,LinkedIn,2025-01-18,29.3
ACQ-0797,CUST-0780,CMP-2025-04,Meta Ads,2025-10-13,24.11
ACQ-0798,CUST-0285,CMP-2025-03,Instagram,2025-06-15,40.45
ACQ-0799,CUST-1067,CMP-2025-03,Pinterest,2025-06-11,25.13
ACQ-0800,CUST-0749,CMP-2025-05,Meta Retargeting,2025-12-08,38.52
ACQ-0801,CUST-0320,CMP-2025-02,Instagram Reels,2025-04-11,27.12
ACQ-0802,CUST-0369,CMP-2025-05,Meta Retargeting,2025-12-18,39.11
ACQ-0803,CUST-0838,CMP-2025-01,Meta Ads,2025-01-27,29.92
ACQ-0804,CUST-0394,CMP-2025-01,LinkedIn,2025-01-17,22.29
ACQ-0805,CUST-0609,CMP-2025-03,Pinterest,2025-05-20,36.16
ACQ-0806,CUST-0737,CMP-2025-01,Email Newsletter,2025-10-12,30.82
ACQ-0807,CUST-0047,CMP-2025-03,Pinterest,2025-06-15,33.6
ACQ-0808,CUST-0455,CMP-2025-01,Email Newsletter,2025-11-14,24.39
ACQ-0809,CUST-0043,CMP-2025-03,Pinterest,2025-05-26,18.52
ACQ-0810,CUST-0295,CMP-2025-01,LinkedIn,2025-01-24,31.66
ACQ-0811,CUST-0222,CMP-2025-03,Email Marketing,2025-06-04,38.38
ACQ-0812,CUST-0437,CMP-2025-02,Instagram Reels,2025-04-09,34.38
ACQ-0813,CUST-0660,CMP-2025-02,TikTok,2025-04-03,19.58
ACQ-0814,CUST-0434,CMP-2025-02,Instagram Reels,2025-04-01,20.49
ACQ-0815,CUST-1192,CMP-2025-04,Meta Ads,2025-10-07,22.83
ACQ-0816,CUST-0910,CMP-2025-01,Google Search,2025-01-28,23.1
ACQ-0817,CUST-0138,CMP-2025-05,Meta Retargeting,2025-11-30,37.8
ACQ-0818,CUST-0687,CMP-2025-02,Instagram Reels,2025-03-13,21.39
ACQ-0819,CUST-0776,CMP-2025-01,Social Organic,2025-09-22,33.71
ACQ-0820,CUST-0452,CMP-2025-01,Direct Traffic,2025-07-08,29.96
ACQ-0821,CUST-0112,CMP-2025-01,Email Newsletter,2025-03-06,39.08
ACQ-0822,CUST-0107,CMP-2025-02,Influencer,2025-03-15,30.95
ACQ-0823,CUST-0288,CMP-2025-01,Direct Traffic,2025-09-24,18.6
ACQ-0824,CUST-0978,CMP-2025-03,Instagram,2025-06-06,23.13
ACQ-0825,CUST-1058,CMP-2025-01,Email Newsletter,2025-07-15,21.08
ACQ-0826,CUST-1105,CMP-2025-03,Email Marketing,2025-06-11,35.08
ACQ-0827,CUST-0959,CMP-2025-01,Social Organic,2025-12-25,31.65
ACQ-0828,CUST-0549,CMP-2025-01,Email Newsletter,2025-08-08,32.71
ACQ-0829,CUST-1056,CMP-2025-02,Instagram Reels,2025-03-30,36.22
ACQ-0830,CUST-0874,CMP-2025-02,Influencer,2025-03-01,29.48
ACQ-0831,CUST-0991,CMP-2025-01,Organic Search,2025-08-29,21.34
ACQ-0832,CUST-0985,CMP-2025-04,YouTube Video Ads,2025-10-13,19.94
ACQ-0833,CUST-0331,CMP-2025-01,Email Newsletter,2025-05-25,34.53
ACQ-0834,CUST-0374,CMP-2025-01,Google Search,2025-01-14,24.23
ACQ-0835,CUST-0583,CMP-2025-02,TikTok,2025-03-27,26.36
ACQ-0836,CUST-0197,CMP-2025-04,Meta Ads,2025-11-15,28.35
ACQ-0837,CUST-1148,CMP-2025-02,Instagram Reels,2025-04-12,39.88
ACQ-0838,CUST-0794,CMP-2025-01,Direct Traffic,2025-12-14,37.59
ACQ-0839,CUST-1021,CMP-2025-03,Instagram,2025-05-15,34.7
ACQ-0840,CUST-0117,CMP-2025-01,Direct Traffic,2025-12-23,41.73
ACQ-0841,CUST-0445,CMP-2025-02,TikTok,2025-03-01,19.84
ACQ-0842,CUST-0136,CMP-2025-05,Meta Retargeting,2025-11-27,37.52
ACQ-0843,CUST-1079,CMP-2025-02,Instagram Reels,2025-03-22,20.02
ACQ-0844,CUST-0887,CMP-2025-02,Influencer,2025-04-08,30.34
ACQ-0845,CUST-0977,CMP-2025-02,Influencer,2025-03-28,38.14
ACQ-0846,CUST-0676,CMP-2025-05,Meta Retargeting,2025-12-02,40.9
ACQ-0847,CUST-0209,CMP-2025-01,Organic Search,2025-03-18,20.0
ACQ-0848,CUST-0853,CMP-2025-01,Email Newsletter,2025-04-21,38.0
ACQ-0849,CUST-0010,CMP-2025-01,Meta Ads,2025-01-14,26.37
ACQ-0850,CUST-0704,CMP-2025-02,Instagram Reels,2025-04-05,23.43
ACQ-0851,CUST-0386,CMP-2025-01,Meta Ads,2025-01-17,33.94
ACQ-0852,CUST-0356,CMP-2025-01,Social Organic,2025-01-15,30.85
ACQ-0853,CUST-0042,CMP-2025-01,Social Organic,2025-05-01,40.82
ACQ-0854,CUST-0903,CMP-2025-01,Meta Ads,2025-01-21,25.09
ACQ-0855,CUST-0461,CMP-2025-01,Organic Search,2025-02-13,34.61
ACQ-0856,CUST-0814,CMP-2025-01,Meta Ads,2025-01-30,34.47
ACQ-0857,CUST-0736,CMP-2025-05,Meta Retargeting,2025-12-18,28.89
ACQ-0858,CUST-0635,CMP-2025-01,Google Search,2025-01-20,30.32
ACQ-0859,CUST-0206,CMP-2025-02,TikTok,2025-03-10,24.02
ACQ-0860,CUST-0823,CMP-2025-01,Email Newsletter,2025-07-15,31.28
ACQ-0861,CUST-1075,CMP-2025-03,Pinterest,2025-05-17,21.79
ACQ-0862,CUST-0570,CMP-2025-04,YouTube Video Ads,2025-11-13,23.85
ACQ-0863,CUST-1181,CMP-2025-03,Email Marketing,2025-06-21,33.17
ACQ-0864,CUST-0020,CMP-2025-04,YouTube Video Ads,2025-10-14,38.57
ACQ-0865,CUST-0713,CMP-2025-02,TikTok,2025-03-08,37.36
ACQ-0866,CUST-1080,CMP-2025-05,Meta Retargeting,2025-11-22,25.8
ACQ-0867,CUST-0481,CMP-2025-05,Meta Retargeting,2025-12-25,22.1
ACQ-0868,CUST-0701,CMP-2025-03,Pinterest,2025-05-19,34.96
ACQ-0869,CUST-0810,CMP-2025-05,Google Remarketing,2025-12-06,20.8
ACQ-0870,CUST-0095,CMP-2025-04,Google Shopping,2025-11-14,27.02
ACQ-0871,CUST-0889,CMP-2025-01,LinkedIn,2025-01-16,20.85
ACQ-0872,CUST-0319,CMP-2025-01,Google Search,2025-01-20,24.25
ACQ-0873,CUST-0719,CMP-2025-01,Email Newsletter,2025-02-16,33.95
ACQ-0874,CUST-1183,CMP-2025-01,Social Organic,2025-03-25,32.81
ACQ-0875,CUST-1126,CMP-2025-01,LinkedIn,2025-01-12,37.26
ACQ-0876,CUST-1187,CMP-2025-01,Meta Ads,2025-02-05,29.25
ACQ-0877,CUST-0157,CMP-2025-05,SMS,2025-12-17,20.75
ACQ-0878,CUST-0402,CMP-2025-03,Pinterest,2025-05-29,38.24
ACQ-0879,CUST-0900,CMP-2025-04,Meta Ads,2025-11-08,41.22
ACQ-0880,CUST-0973,CMP-2025-02,Instagram Reels,2025-03-25,21.95
ACQ-0881,CUST-0826,CMP-2025-05,SMS,2025-12-14,35.39
ACQ-0882,CUST-1044,CMP-2025-05,Google Remarketing,2025-12-21,24.73
ACQ-0883,CUST-0914,CMP-2025-01,Organic Search,2025-05-10,41.11
ACQ-0884,CUST-0866,CMP-2025-03,Instagram,2025-05-26,38.83
ACQ-0885,CUST-0358,CMP-2025-01,Organic Search,2025-02-04,26.83
ACQ-0886,CUST-0119,CMP-2025-01,Organic Search,2025-09-25,40.04
ACQ-0887,CUST-0789,CMP-2025-02,TikTok,2025-04-15,25.83
ACQ-0888,CUST-0396,CMP-2025-01,Google Search,2025-01-28,20.57
ACQ-0889,CUST-0743,CMP-2025-01,Meta Ads,2025-01-14,19.42
ACQ-0890,CUST-0904,CMP-2025-01,LinkedIn,2025-01-13,28.07
ACQ-0891,CUST-0300,CMP-2025-02,Instagram Reels,2025-04-10,31.96
ACQ-0892,CUST-0073,CMP-2025-04,Google Shopping,2025-10-22,28.64
ACQ-0893,CUST-0781,CMP-2025-05,Meta Retargeting,2025-12-05,27.65
ACQ-0894,CUST-0201,CMP-2025-01,Email Newsletter,2025-04-10,18.71
ACQ-0895,CUST-0916,CMP-2025-01,Organic Search,2025-02-10,23.54
ACQ-0896,CUST-0342,CMP-2025-05,Meta Retargeting,2025-12-01,30.85
ACQ-0897,CUST-0132,CMP-2025-01,Email Newsletter,2025-05-30,34.57
ACQ-0898,CUST-0318,CMP-2025-03,Pinterest,2025-05-24,25.1
ACQ-0899,CUST-0983,CMP-2025-05,SMS,2025-11-23,30.72
ACQ-0900,CUST-0283,CMP-2025-01,Meta Ads,2025-01-31,27.78
ACQ-0901,CUST-1087,CMP-2025-01,Email Newsletter,2025-06-28,35.86
ACQ-0902,CUST-0314,CMP-2025-03,Email Marketing,2025-06-03,32.69
ACQ-0903,CUST-0565,CMP-2025-02,Influencer,2025-04-03,36.36
ACQ-0904,CUST-0668,CMP-2025-05,SMS,2025-12-06,23.44
ACQ-0905,CUST-0689,CMP-2025-01,Direct Traffic,2025-10-16,35.56
ACQ-0906,CUST-0830,CMP-2025-01,Social Organic,2025-12-22,38.83
ACQ-0907,CUST-0748,CMP-2025-02,Influencer,2025-04-12,28.47
ACQ-0908,CUST-0878,CMP-2025-02,Influencer,2025-03-24,37.2
ACQ-0909,CUST-0273,CMP-2025-02,TikTok,2025-03-18,41.23
ACQ-0910,CUST-0200,CMP-2025-01,Social Organic,2025-12-19,20.51
ACQ-0911,CUST-0379,CMP-2025-05,Google Remarketing,2025-12-03,18.77
ACQ-0912,CUST-0597,CMP-2025-04,YouTube Video Ads,2025-10-03,18.75
ACQ-0913,CUST-1114,CMP-2025-04,YouTube Video Ads,2025-10-25,32.69
ACQ-0914,CUST-0923,CMP-2025-01,LinkedIn,2025-02-14,38.79
ACQ-0915,CUST-0510,CMP-2025-04,Google Shopping,2025-10-09,40.89
ACQ-0916,CUST-0868,CMP-2025-01,LinkedIn,2025-02-14,29.2
ACQ-0917,CUST-0490,CMP-2025-05,SMS,2025-12-06,29.16
ACQ-0918,CUST-0925,CMP-2025-04,Google Shopping,2025-10-17,21.23
ACQ-0919,CUST-0738,CMP-2025-01,Email Newsletter,2025-06-03,28.22
ACQ-0920,CUST-1167,CMP-2025-04,Meta Ads,2025-10-10,30.18
ACQ-0921,CUST-0698,CMP-2025-01,Meta Ads,2025-02-12,24.51
ACQ-0922,CUST-1064,CMP-2025-01,Meta Ads,2025-01-26,37.43
ACQ-0923,CUST-0114,CMP-2025-01,Email Newsletter,2025-05-18,21.59
ACQ-0924,CUST-1011,CMP-2025-02,TikTok,2025-04-14,27.85
ACQ-0925,CUST-0405,CMP-2025-03,Email Marketing,2025-06-03,30.69
ACQ-0926,CUST-0233,CMP-2025-01,Direct Traffic,2025-04-05,27.81
ACQ-0927,CUST-0024,CMP-2025-05,SMS,2025-12-07,37.23
ACQ-0928,CUST-0139,CMP-2025-01,Social Organic,2025-11-27,21.92
ACQ-0929,CUST-0111,CMP-2025-01,Organic Search,2025-05-17,24.92
ACQ-0930,CUST-0059,CMP-2025-01,Email Newsletter,2025-04-24,32.69
ACQ-0931,CUST-0540,CMP-2025-04,YouTube Video Ads,2025-10-25,35.5
ACQ-0932,CUST-0122,CMP-2025-05,Meta Retargeting,2025-11-25,25.85
ACQ-0933,CUST-1039,CMP-2025-01,Organic Search,2025-01-07,28.2
ACQ-0934,CUST-0236,CMP-2025-01,Direct Traffic,2025-04-22,29.96
ACQ-0935,CUST-0775,CMP-2025-01,Direct Traffic,2025-12-13,39.38
ACQ-0936,CUST-0475,CMP-2025-01,LinkedIn,2025-02-07,34.21
ACQ-0937,CUST-0849,CMP-2025-03,Email Marketing,2025-05-18,29.15
ACQ-0938,CUST-0938,CMP-2025-04,Meta Ads,2025-11-08,29.19
ACQ-0939,CUST-0469,CMP-2025-05,Meta Retargeting,2025-12-08,37.67
ACQ-0940,CUST-0906,CMP-2025-04,Google Shopping,2025-10-04,32.98
ACQ-0941,CUST-0984,CMP-2025-01,Direct Traffic,2025-01-14,35.58
ACQ-0942,CUST-0161,CMP-2025-01,Direct Traffic,2025-05-04,37.09
ACQ-0943,CUST-0742,CMP-2025-05,Meta Retargeting,2025-11-23,33.1
ACQ-0944,CUST-0345,CMP-2025-02,Influencer,2025-03-26,19.03
ACQ-0945,CUST-1003,CMP-2025-02,Influencer,2025-03-30,23.1
ACQ-0946,CUST-0351,CMP-2025-01,Email Newsletter,2025-01-21,34.55
ACQ-0947,CUST-0009,CMP-2025-05,SMS,2025-12-08,26.29
ACQ-0948,CUST-1004,CMP-2025-02,Influencer,2025-04-07,22.49
ACQ-0949,CUST-0723,CMP-2025-04,Google Shopping,2025-10-21,32.59
ACQ-0950,CUST-0100,CMP-2025-01,Email Newsletter,2025-04-23,36.08
ACQ-0951,CUST-0486,CMP-2025-03,Pinterest,2025-06-23,38.47
ACQ-0952,CUST-0795,CMP-2025-02,TikTok,2025-03-21,33.59
ACQ-0953,CUST-0682,CMP-2025-04,YouTube Video Ads,2025-11-01,32.73
ACQ-0954,CUST-0518,CMP-2025-01,LinkedIn,2025-02-08,29.68
ACQ-0955,CUST-1129,CMP-2025-02,TikTok,2025-04-13,32.32
ACQ-0956,CUST-1118,CMP-2025-04,YouTube Video Ads,2025-11-03,21.7
ACQ-0957,CUST-0967,CMP-2025-01,Social Organic,2025-10-23,33.45
ACQ-0958,CUST-0253,CMP-2025-01,Social Organic,2025-05-15,24.1
ACQ-0959,CUST-0772,CMP-2025-01,Social Organic,2025-01-03,26.57
ACQ-0960,CUST-0499,CMP-2025-04,Meta Ads,2025-11-07,39.68
ACQ-0961,CUST-0146,CMP-2025-01,Email Newsletter,2025-05-09,39.58
ACQ-0962,CUST-1106,CMP-2025-03,Email Marketing,2025-06-08,22.6
ACQ-0963,CUST-1191,CMP-2025-01,Organic Search,2025-04-20,34.74
ACQ-0964,CUST-0604,CMP-2025-02,Influencer,2025-03-28,26.71
ACQ-0965,CUST-0694,CMP-2025-02,Influencer,2025-04-12,31.2
ACQ-0966,CUST-1117,CMP-2025-04,YouTube Video Ads,2025-11-04,36.78
ACQ-0967,CUST-1143,CMP-2025-01,LinkedIn,2025-02-02,28.4
ACQ-0968,CUST-0240,CMP-2025-02,Instagram Reels,2025-03-14,38.19
ACQ-0969,CUST-0922,CMP-2025-05,Google Remarketing,2025-12-19,40.26
ACQ-0970,CUST-0948,CMP-2025-05,Google Remarketing,2025-12-08,26.5
ACQ-0971,CUST-0908,CMP-2025-05,Google Remarketing,2025-12-13,39.59
ACQ-0972,CUST-0641,CMP-2025-03,Instagram,2025-05-24,40.65
ACQ-0973,CUST-0478,CMP-2025-05,Meta Retargeting,2025-12-13,23.25
ACQ-0974,CUST-0946,CMP-2025-04,Google Shopping,2025-10-06,24.12
ACQ-0975,CUST-0739,CMP-2025-01,LinkedIn,2025-02-15,32.03
ACQ-0976,CUST-0870,CMP-2025-04,Google Shopping,2025-10-02,32.45
ACQ-0977,CUST-1110,CMP-2025-01,Social Organic,2025-03-14,31.43
ACQ-0978,CUST-0231,CMP-2025-01,Meta Ads,2025-02-15,41.15
ACQ-0979,CUST-0401,CMP-2025-05,Meta Retargeting,2025-12-02,31.0
ACQ-0980,CUST-0346,CMP-2025-04,Meta Ads,2025-10-26,24.61
ACQ-0981,CUST-0064,CMP-2025-01,Organic Search,2025-07-12,30.64
ACQ-0982,CUST-0426,CMP-2025-05,Google Remarketing,2025-12-04,33.97
ACQ-0983,CUST-0230,CMP-2025-01,Google Search,2025-02-07,25.69
ACQ-0984,CUST-0503,CMP-2025-03,Pinterest,2025-05-24,23.25
ACQ-0985,CUST-0528,CMP-2025-01,LinkedIn,2025-01-16,24.17
ACQ-0986,CUST-1125,CMP-2025-01,Social Organic,2025-10-20,29.3
ACQ-0987,CUST-1055,CMP-2025-05,Meta Retargeting,2025-12-07,34.3
ACQ-0988,CUST-0988,CMP-2025-01,Organic Search,2025-10-22,19.95
ACQ-0989,CUST-0954,CMP-2025-02,TikTok,2025-04-01,22.88
ACQ-0990,CUST-0406,CMP-2025-05,SMS,2025-12-17,27.02
ACQ-0991,CUST-0708,CMP-2025-01,Organic Search,2025-02-11,21.5
ACQ-0992,CUST-0667,CMP-2025-05,Google Remarketing,2025-11-21,27.64
ACQ-0993,CUST-1111,CMP-2025-01,Email Newsletter,2025-06-05,28.9
ACQ-0994,CUST-0614,CMP-2025-01,Google Search,2025-01-23,24.6
ACQ-0995,CUST-0884,CMP-2025-01,Meta Ads,2025-02-13,34.18
ACQ-0996,CUST-1035,CMP-2025-01,Organic Search,2025-02-23,39.21
ACQ-0997,CUST-0210,CMP-2025-05,Google Remarketing,2025-12-05,31.75
ACQ-0998,CUST-0883,CMP-2025-02,Influencer,2025-04-13,31.04
ACQ-0999,CUST-0404,CMP-2025-04,YouTube Video Ads,2025-10-31,22.05
ACQ-1000,CUST-0968,CMP-2025-01,Google Search,2025-01-23,31.55
ACQ-1001,CUST-1190,CMP-2025-01,Email Newsletter,2025-03-26,38.29
ACQ-1002,CUST-0747,CMP-2025-01,Social Organic,2025-10-05,37.62
ACQ-1003,CUST-0268,CMP-2025-05,SMS,2025-11-29,24.5
ACQ-1004,CUST-0267,CMP-2025-05,Google Remarketing,2025-11-20,38.46
ACQ-1005,CUST-0118,CMP-2025-04,Google Shopping,2025-11-06,41.55
ACQ-1006,CUST-1098,CMP-2025-01,Email Newsletter,2025-12-18,36.23
ACQ-1007,CUST-0563,CMP-2025-01,Meta Ads,2025-02-03,37.55
ACQ-1008,CUST-0995,CMP-2025-05,Meta Retargeting,2025-12-20,26.39
ACQ-1009,CUST-0672,CMP-2025-03,Pinterest,2025-06-17,39.21
ACQ-1010,CUST-0448,CMP-2025-02,Instagram Reels,2025-03-13,24.46
ACQ-1011,CUST-0388,CMP-2025-04,YouTube Video Ads,2025-11-05,24.25
ACQ-1012,CUST-0504,CMP-2025-04,Meta Ads,2025-10-23,41.49
ACQ-1013,CUST-0724,CMP-2025-01,Google Search,2025-01-21,23.4
ACQ-1014,CUST-0441,CMP-2025-03,Email Marketing,2025-05-15,21.51
ACQ-1015,CUST-0957,CMP-2025-05,SMS,2025-12-23,20.36
ACQ-1016,CUST-0710,CMP-2025-01,Direct Traffic,2025-11-04,27.15
ACQ-1017,CUST-0850,CMP-2025-01,LinkedIn,2025-02-14,26.87
ACQ-1018,CUST-1146,CMP-2025-02,Influencer,2025-03-06,32.11
ACQ-1019,CUST-1061,CMP-2025-01,Organic Search,2025-10-07,41.52
ACQ-1020,CUST-1131,CMP-2025-01,Google Search,2025-01-15,38.27
ACQ-1021,CUST-0129,CMP-2025-05,Google Remarketing,2025-12-03,25.16
ACQ-1022,CUST-0021,CMP-2025-01,Organic Search,2025-11-17,38.4
ACQ-1023,CUST-0546,CMP-2025-04,Meta Ads,2025-10-09,23.82
ACQ-1024,CUST-0110,CMP-2025-01,Organic Search,2025-12-12,23.29
ACQ-1025,CUST-0982,CMP-2025-01,Direct Traffic,2025-07-07,19.44
ACQ-1026,CUST-0729,CMP-2025-01,Meta Ads,2025-02-05,24.39
ACQ-1027,CUST-0873,CMP-2025-03,Instagram,2025-06-13,41.33
ACQ-1028,CUST-0066,CMP-2025-02,Instagram Reels,2025-03-26,28.19
ACQ-1029,CUST-1000,CMP-2025-04,Google Shopping,2025-10-19,19.16
ACQ-1030,CUST-0790,CMP-2025-03,Instagram,2025-06-06,41.51
ACQ-1031,CUST-0961,CMP-2025-03,Pinterest,2025-06-11,40.63
ACQ-1032,CUST-0953,CMP-2025-01,Organic Search,2025-09-11,20.49
ACQ-1033,CUST-0579,CMP-2025-01,Direct Traffic,2025-12-10,26.77
ACQ-1034,CUST-0578,CMP-2025-05,SMS,2025-12-05,40.32
ACQ-1035,CUST-0436,CMP-2025-02,Influencer,2025-04-05,23.59
ACQ-1036,CUST-0124,CMP-2025-01,Social Organic,2025-02-04,21.93
ACQ-1037,CUST-1169,CMP-2025-01,LinkedIn,2025-01-13,41.89
ACQ-1038,CUST-0803,CMP-2025-01,Google Search,2025-01-18,41.54
ACQ-1039,CUST-0211,CMP-2025-02,Influencer,2025-04-06,24.85
ACQ-1040,CUST-0941,CMP-2025-04,Google Shopping,2025-11-03,39.29
ACQ-1041,CUST-0936,CMP-2025-01,Social Organic,2025-04-29,32.1
ACQ-1042,CUST-0702,CMP-2025-02,Instagram Reels,2025-03-28,36.27
ACQ-1043,CUST-1057,CMP-2025-01,LinkedIn,2025-02-12,33.87
ACQ-1044,CUST-0092,CMP-2025-05,Meta Retargeting,2025-11-29,35.1
ACQ-1045,CUST-0214,CMP-2025-03,Instagram,2025-05-19,37.41
ACQ-1046,CUST-1027,CMP-2025-05,SMS,2025-11-25,37.07
ACQ-1047,CUST-0489,CMP-2025-02,Instagram Reels,2025-03-03,37.94
ACQ-1048,CUST-0167,CMP-2025-03,Email Marketing,2025-05-31,23.86
ACQ-1049,CUST-0568,CMP-2025-05,Meta Retargeting,2025-12-09,41.7
ACQ-1050,CUST-0497,CMP-2025-04,Google Shopping,2025-10-04,34.0
ACQ-1051,CUST-0753,CMP-2025-04,Meta Ads,2025-10-04,24.87
ACQ-1052,CUST-0065,CMP-2025-02,Instagram Reels,2025-03-09,31.55
ACQ-1053,CUST-0792,CMP-2025-05,Google Remarketing,2025-11-28,31.34
ACQ-1054,CUST-0474,CMP-2025-01,Social Organic,2025-12-21,24.29
ACQ-1055,CUST-1023,CMP-2025-03,Pinterest,2025-06-20,24.67
ACQ-1056,CUST-0976,CMP-2025-01,Meta Ads,2025-02-01,31.67
ACQ-1057,CUST-1189,CMP-2025-01,Google Search,2025-01-31,37.56
ACQ-1058,CUST-0569,CMP-2025-01,Email Newsletter,2025-02-10,41.81
ACQ-1059,CUST-0030,CMP-2025-01,Meta Ads,2025-01-23,34.05
ACQ-1060,CUST-0759,CMP-2025-04,YouTube Video Ads,2025-11-01,40.73
ACQ-1061,CUST-0145,CMP-2025-01,LinkedIn,2025-01-28,31.13
ACQ-1062,CUST-0074,CMP-2025-03,Instagram,2025-06-11,33.36
ACQ-1063,CUST-0620,CMP-2025-01,Organic Search,2025-04-14,39.82
ACQ-1064,CUST-0217,CMP-2025-02,Influencer,2025-04-07,36.01
ACQ-1065,CUST-0412,CMP-2025-04,Meta Ads,2025-10-21,25.87
ACQ-1066,CUST-0560,CMP-2025-05,SMS,2025-12-24,33.91
ACQ-1067,CUST-0508,CMP-2025-05,Meta Retargeting,2025-12-25,20.64
ACQ-1068,CUST-0932,CMP-2025-05,SMS,2025-12-04,36.33
ACQ-1069,CUST-0533,CMP-2025-02,Influencer,2025-03-05,30.32
ACQ-1070,CUST-0785,CMP-2025-01,Google Search,2025-02-05,25.72
ACQ-1071,CUST-0940,CMP-2025-01,Social Organic,2025-09-06,31.66
ACQ-1072,CUST-0677,CMP-2025-02,Influencer,2025-03-22,31.44
ACQ-1073,CUST-0769,CMP-2025-01,Social Organic,2025-06-20,28.3
ACQ-1074,CUST-0513,CMP-2025-01,Meta Ads,2025-01-16,21.78
ACQ-1075,CUST-0770,CMP-2025-01,Google Search,2025-01-24,21.87
ACQ-1076,CUST-1041,CMP-2025-03,Pinterest,2025-06-13,26.14
ACQ-1077,CUST-0004,CMP-2025-01,Organic Search,2025-01-05,23.6
ACQ-1078,CUST-0310,CMP-2025-02,Influencer,2025-04-04,38.31
ACQ-1079,CUST-0703,CMP-2025-01,LinkedIn,2025-01-12,38.49
ACQ-1080,CUST-0584,CMP-2025-04,Google Shopping,2025-10-02,20.99
ACQ-1081,CUST-0012,CMP-2025-03,Pinterest,2025-06-01,33.86
ACQ-1082,CUST-0476,CMP-2025-03,Email Marketing,2025-05-19,28.55
ACQ-1083,CUST-1090,CMP-2025-05,SMS,2025-12-24,35.78
ACQ-1084,CUST-0951,CMP-2025-01,LinkedIn,2025-02-12,27.66
ACQ-1085,CUST-0176,CMP-2025-01,Meta Ads,2025-01-13,26.66
ACQ-1086,CUST-0537,CMP-2025-03,Pinterest,2025-05-27,33.17
ACQ-1087,CUST-0029,CMP-2025-01,Google Search,2025-01-10,36.26
ACQ-1088,CUST-0480,CMP-2025-01,Organic Search,2025-12-03,30.24
