spend_id,campaign_id,date,channel,spend,cpc,cpm
SPD-00001,CMP-2025-01,2025-01-10,Meta Ads,313.51,1.32,14.35
SPD-00002,CMP-2025-01,2025-01-10,Google Search,377.09,1.98,13.52
SPD-00003,CMP-2025-01,2025-01-10,LinkedIn,261.55,1.23,9.9
SPD-00004,CMP-2025-01,2025-01-11,Meta Ads,315.51,1.14,9.16
SPD-00005,CMP-2025-01,2025-01-11,Google Search,354.85,1.64,15.21
SPD-00006,CMP-2025-01,2025-01-11,LinkedIn,404.63,2.33,15.22
SPD-00007,CMP-2025-01,2025-01-12,Meta Ads,321.73,2.46,13.31
SPD-00008,CMP-2025-01,2025-01-12,Google Search,291.69,1.64,15.22
SPD-00009,CMP-2025-01,2025-01-12,LinkedIn,215.62,1.67,10.57
SPD-00010,CMP-2025-01,2025-01-13,Meta Ads,244.13,1.44,8.6
SPD-00011,CMP-2025-01,2025-01-13,Google Search,310.79,1.59,9.88
SPD-00012,CMP-2025-01,2025-01-13,LinkedIn,357.49,2.44,14.62
SPD-00013,CMP-2025-01,2025-01-14,Meta Ads,249.68,1.24,16.72
SPD-00014,CMP-2025-01,2025-01-14,Google Search,252.17,1.27,10.21
SPD-00015,CMP-2025-01,2025-01-14,LinkedIn,359.39,2.3,9.48
SPD-00016,CMP-2025-01,2025-01-15,Meta Ads,271.33,1.11,12.11
SPD-00017,CMP-2025-01,2025-01-15,Google Search,289.34,1.92,16.25
SPD-00018,CMP-2025-01,2025-01-15,LinkedIn,298.11,2.08,12.71
SPD-00019,CMP-2025-01,2025-01-16,Meta Ads,293.52,1.95,12.67
SPD-00020,CMP-2025-01,2025-01-16,Google Search,369.89,1.86,15.9
SPD-00021,CMP-2025-01,2025-01-16,LinkedIn,286.32,1.33,16.79
SPD-00022,CMP-2025-01,2025-01-17,Meta Ads,287.74,2.11,13.24
SPD-00023,CMP-2025-01,2025-01-17,Google Search,310.08,1.91,16.17
SPD-00024,CMP-2025-01,2025-01-17,LinkedIn,237.32,1.5,10.12
SPD-00025,CMP-2025-01,2025-01-18,Meta Ads,286.21,2.52,13.19
SPD-00026,CMP-2025-01,2025-01-18,Google Search,280.35,1.95,14.14
SPD-00027,CMP-2025-01,2025-01-18,LinkedIn,283.41,1.97,16.17
SPD-00028,CMP-2025-01,2025-01-19,Meta Ads,272.93,2.32,10.02
SPD-00029,CMP-2025-01,2025-01-19,Google Search,258.86,2.15,9.32
SPD-00030,CMP-2025-01,2025-01-19,LinkedIn,329.35,1.73,11.36
SPD-00031,CMP-2025-01,2025-01-20,Meta Ads,292.55,1.29,13.33
SPD-00032,CMP-2025-01,2025-01-20,Google Search,250.19,1.28,12.78
SPD-00033,CMP-2025-01,2025-01-20,LinkedIn,384.02,2.42,9.24
SPD-00034,CMP-2025-01,2025-01-21,Meta Ads,247.86,1.78,11.99
SPD-00035,CMP-2025-01,2025-01-21,Google Search,273.04,1.25,15.05
SPD-00036,CMP-2025-01,2025-01-21,LinkedIn,356.56,2.18,15.73
SPD-00037,CMP-2025-01,2025-01-22,Meta Ads,352.89,2.19,11.03
SPD-00038,CMP-2025-01,2025-01-22,Google Search,316.63,2.59,11.86
SPD-00039,CMP-2025-01,2025-01-22,LinkedIn,371.19,2.28,17.67
SPD-00040,CMP-2025-01,2025-01-23,Meta Ads,317.19,1.18,15.52
SPD-00041,CMP-2025-01,2025-01-23,Google Search,318.06,1.79,14.19
SPD-00042,CMP-2025-01,2025-01-23,LinkedIn,432.68,2.27,13.05
SPD-00043,CMP-2025-01,2025-01-24,Meta Ads,346.37,0.85,16.77
SPD-00044,CMP-2025-01,2025-01-24,Google Search,303.8,1.35,16.98
SPD-00045,CMP-2025-01,2025-01-24,LinkedIn,415.07,1.7,15.66
SPD-00046,CMP-2025-01,2025-01-25,Meta Ads,362.98,1.86,11.41
SPD-00047,CMP-2025-01,2025-01-25,Google Search,346.39,1.05,8.81
SPD-00048,CMP-2025-01,2025-01-25,LinkedIn,302.45,2.59,17.98
SPD-00049,CMP-2025-01,2025-01-26,Meta Ads,357.68,1.5,9.12
SPD-00050,CMP-2025-01,2025-01-26,Google Search,300.19,2.53,11.69
SPD-00051,CMP-2025-01,2025-01-26,LinkedIn,251.88,1.35,14.7
SPD-00052,CMP-2025-01,2025-01-27,Meta Ads,284.32,1.49,17.34
SPD-00053,CMP-2025-01,2025-01-27,Google Search,285.21,1.74,11.32
SPD-00054,CMP-2025-01,2025-01-27,LinkedIn,400.18,1.46,12.91
SPD-00055,CMP-2025-01,2025-01-28,Meta Ads,347.83,1.5,15.71
SPD-00056,CMP-2025-01,2025-01-28,Google Search,417.61,2.37,10.5
SPD-00057,CMP-2025-01,2025-01-28,LinkedIn,313.25,2.27,11.5
SPD-00058,CMP-2025-01,2025-01-29,Meta Ads,280.89,2.58,10.46
SPD-00059,CMP-2025-01,2025-01-29,Google Search,279.38,1.89,16.5
SPD-00060,CMP-2025-01,2025-01-29,LinkedIn,296.46,1.39,10.89
SPD-00061,CMP-2025-01,2025-01-30,Meta Ads,321.14,2.32,11.86
SPD-00062,CMP-2025-01,2025-01-30,Google Search,307.22,2.28,12.29
SPD-00063,CMP-2025-01,2025-01-30,LinkedIn,196.81,1.55,16.74
SPD-00064,CMP-2025-01,2025-01-31,Meta Ads,275.33,0.88,15.28
SPD-00065,CMP-2025-01,2025-01-31,Google Search,379.13,2.39,10.03
SPD-00066,CMP-2025-01,2025-01-31,LinkedIn,330.97,2.0,13.72
SPD-00067,CMP-2025-01,2025-02-01,Meta Ads,258.93,2.16,12.08
SPD-00068,CMP-2025-01,2025-02-01,Google Search,305.71,1.54,16.06
SPD-00069,CMP-2025-01,2025-02-01,LinkedIn,350.87,1.17,10.1
SPD-00070,CMP-2025-01,2025-02-02,Meta Ads,297.45,0.87,10.39
SPD-00071,CMP-2025-01,2025-02-02,Google Search,279.01,1.05,15.38
SPD-00072,CMP-2025-01,2025-02-02,LinkedIn,353.33,1.64,15.0
SPD-00073,CMP-2025-01,2025-02-03,Meta Ads,280.48,2.31,10.07
SPD-00074,CMP-2025-01,2025-02-03,Google Search,320.82,1.02,10.22
SPD-00075,CMP-2025-01,2025-02-03,LinkedIn,321.67,1.1,15.69
SPD-00076,CMP-2025-01,2025-02-04,Meta Ads,327.71,1.6,13.66
SPD-00077,CMP-2025-01,2025-02-04,Google Search,231.99,1.74,14.66
SPD-00078,CMP-2025-01,2025-02-04,LinkedIn,289.97,1.99,14.93
SPD-00079,CMP-2025-01,2025-02-05,Meta Ads,238.72,2.44,10.92
SPD-00080,CMP-2025-01,2025-02-05,Google Search,238.53,0.85,8.66
SPD-00081,CMP-2025-01,2025-02-05,LinkedIn,335.94,2.28,8.64
SPD-00082,CMP-2025-01,2025-02-06,Meta Ads,375.98,1.72,8.93
SPD-00083,CMP-2025-01,2025-02-06,Google Search,388.62,1.93,11.63
SPD-00084,CMP-2025-01,2025-02-06,LinkedIn,270.57,2.48,14.56
SPD-00085,CMP-2025-01,2025-02-07,Meta Ads,315.19,1.18,8.62
SPD-00086,CMP-2025-01,2025-02-07,Google Search,263.66,1.3,14.88
SPD-00087,CMP-2025-01,2025-02-07,LinkedIn,311.85,0.88,14.55
SPD-00088,CMP-2025-01,2025-02-08,Meta Ads,401.54,1.82,17.45
SPD-00089,CMP-2025-01,2025-02-08,Google Search,323.96,1.38,9.42
SPD-00090,CMP-2025-01,2025-02-08,LinkedIn,353.43,1.5,14.62
SPD-00091,CMP-2025-01,2025-02-09,Meta Ads,402.78,0.92,14.96
SPD-00092,CMP-2025-01,2025-02-09,Google Search,272.89,1.61,17.35
SPD-00093,CMP-2025-01,2025-02-09,LinkedIn,338.72,2.14,13.46
SPD-00094,CMP-2025-01,2025-02-10,Meta Ads,302.24,1.24,12.66
SPD-00095,CMP-2025-01,2025-02-10,Google Search,281.02,1.7,9.83
SPD-00096,CMP-2025-01,2025-02-10,LinkedIn,430.34,1.48,10.46
SPD-00097,CMP-2025-01,2025-02-11,Meta Ads,263.13,2.22,11.58
SPD-00098,CMP-2025-01,2025-02-11,Google Search,251.46,1.55,16.18
SPD-00099,CMP-2025-01,2025-02-11,LinkedIn,410.07,2.15,16.38
SPD-00100,CMP-2025-01,2025-02-12,Meta Ads,324.63,2.05,16.27
SPD-00101,CMP-2025-01,2025-02-12,Google Search,241.42,1.74,16.97
SPD-00102,CMP-2025-01,2025-02-12,LinkedIn,248.67,1.93,10.28
SPD-00103,CMP-2025-01,2025-02-13,Meta Ads,305.9,1.79,10.18
SPD-00104,CMP-2025-01,2025-02-13,Google Search,402.28,1.71,10.48
SPD-00105,CMP-2025-01,2025-02-13,LinkedIn,371.19,1.64,12.63
SPD-00106,CMP-2025-01,2025-02-14,Meta Ads,350.18,2.35,10.45
SPD-00107,CMP-2025-01,2025-02-14,Google Search,292.77,1.45,17.72
SPD-00108,CMP-2025-01,2025-02-14,LinkedIn,242.03,1.65,12.16
SPD-00109,CMP-2025-01,2025-02-15,Meta Ads,393.51,0.95,12.65
SPD-00110,CMP-2025-01,2025-02-15,Google Search,414.1,1.77,11.41
SPD-00111,CMP-2025-01,2025-02-15,LinkedIn,260.96,1.12,13.86
SPD-00112,CMP-2025-02,2025-03-01,TikTok,348.16,2.45,10.4
SPD-00113,CMP-2025-02,2025-03-01,Instagram Reels,257.02,2.11,16.86
SPD-00114,CMP-2025-02,2025-03-01,Influencer,356.65,1.53,12.13
SPD-00115,CMP-2025-02,2025-03-02,TikTok,251.75,2.59,17.08
SPD-00116,CMP-2025-02,2025-03-02,Instagram Reels,258.23,1.09,17.54
SPD-00117,CMP-2025-02,2025-03-02,Influencer,401.63,2.52,15.9
SPD-00118,CMP-2025-02,2025-03-03,TikTok,276.16,1.56,12.24
SPD-00119,CMP-2025-02,2025-03-03,Instagram Reels,301.54,2.46,13.13
SPD-00120,CMP-2025-02,2025-03-03,Influencer,428.86,2.07,12.01
SPD-00121,CMP-2025-02,2025-03-04,TikTok,328.52,1.99,14.11
SPD-00122,CMP-2025-02,2025-03-04,Instagram Reels,315.95,0.97,9.63
SPD-00123,CMP-2025-02,2025-03-04,Influencer,451.85,1.49,15.4
SPD-00124,CMP-2025-02,2025-03-05,TikTok,348.34,1.7,15.21
SPD-00125,CMP-2025-02,2025-03-05,Instagram Reels,363.6,1.85,17.1
SPD-00126,CMP-2025-02,2025-03-05,Influencer,364.57,2.15,15.62
SPD-00127,CMP-2025-02,2025-03-06,TikTok,318.79,2.15,10.53
SPD-00128,CMP-2025-02,2025-03-06,Instagram Reels,379.21,1.1,8.56
SPD-00129,CMP-2025-02,2025-03-06,Influencer,355.74,0.97,13.27
SPD-00130,CMP-2025-02,2025-03-07,TikTok,276.17,1.68,9.8
SPD-00131,CMP-2025-02,2025-03-07,Instagram Reels,316.11,1.82,9.57
SPD-00132,CMP-2025-02,2025-03-07,Influencer,355.07,1.16,10.56
SPD-00133,CMP-2025-02,2025-03-08,TikTok,417.62,1.95,9.56
SPD-00134,CMP-2025-02,2025-03-08,Instagram Reels,298.17,1.02,9.33
SPD-00135,CMP-2025-02,2025-03-08,Influencer,359.45,0.85,9.12
SPD-00136,CMP-2025-02,2025-03-09,TikTok,319.66,0.88,16.16
SPD-00137,CMP-2025-02,2025-03-09,Instagram Reels,265.18,1.48,16.18
SPD-00138,CMP-2025-02,2025-03-09,Influencer,314.66,2.53,13.54
SPD-00139,CMP-2025-02,2025-03-10,TikTok,287.41,1.23,11.56
SPD-00140,CMP-2025-02,2025-03-10,Instagram Reels,289.63,1.9,12.37
SPD-00141,CMP-2025-02,2025-03-10,Influencer,342.92,2.37,17.96
SPD-00142,CMP-2025-02,2025-03-11,TikTok,287.58,1.76,9.69
SPD-00143,CMP-2025-02,2025-03-11,Instagram Reels,418.95,1.25,15.79
SPD-00144,CMP-2025-02,2025-03-11,Influencer,358.21,2.04,12.88
SPD-00145,CMP-2025-02,2025-03-12,TikTok,311.93,2.37,14.65
SPD-00146,CMP-2025-02,2025-03-12,Instagram Reels,398.9,2.02,15.64
SPD-00147,CMP-2025-02,2025-03-12,Influencer,296.63,1.67,10.77
SPD-00148,CMP-2025-02,2025-03-13,TikTok,388.3,0.98,15.29
SPD-00149,CMP-2025-02,2025-03-13,Instagram Reels,348.35,2.08,14.39
SPD-00150,CMP-2025-02,2025-03-13,Influencer,358.87,2.38,16.94
SPD-00151,CMP-2025-02,2025-03-14,TikTok,338.61,1.64,18.08
SPD-00152,CMP-2025-02,2025-03-14,Instagram Reels,327.32,1.67,17.76
SPD-00153,CMP-2025-02,2025-03-14,Influencer,181.63,1.24,13.74
SPD-00154,CMP-2025-02,2025-03-15,TikTok,433.72,1.49,11.67
SPD-00155,CMP-2025-02,2025-03-15,Instagram Reels,337.67,2.0,15.48
SPD-00156,CMP-2025-02,2025-03-15,Influencer,339.18,2.01,17.73
SPD-00157,CMP-2025-02,2025-03-16,TikTok,312.27,2.46,14.09
SPD-00158,CMP-2025-02,2025-03-16,Instagram Reels,289.92,2.44,11.83
SPD-00159,CMP-2025-02,2025-03-16,Influencer,450.97,2.11,15.71
SPD-00160,CMP-2025-02,2025-03-17,TikTok,271.87,1.41,9.58
SPD-00161,CMP-2025-02,2025-03-17,Instagram Reels,307.61,2.5,10.33
SPD-00162,CMP-2025-02,2025-03-17,Influencer,310.53,1.03,14.06
SPD-00163,CMP-2025-02,2025-03-18,TikTok,316.36,2.19,12.61
SPD-00164,CMP-2025-02,2025-03-18,Instagram Reels,370.59,1.03,17.56
SPD-00165,CMP-2025-02,2025-03-18,Influencer,306.58,1.86,14.94
SPD-00166,CMP-2025-02,2025-03-19,TikTok,313.35,1.07,15.1
SPD-00167,CMP-2025-02,2025-03-19,Instagram Reels,322.46,2.33,15.75
SPD-00168,CMP-2025-02,2025-03-19,Influencer,423.33,0.86,16.53
SPD-00169,CMP-2025-02,2025-03-20,TikTok,374.77,1.32,10.59
SPD-00170,CMP-2025-02,2025-03-20,Instagram Reels,422.54,2.26,9.07
SPD-00171,CMP-2025-02,2025-03-20,Influencer,270.98,2.09,9.98
SPD-00172,CMP-2025-02,2025-03-21,TikTok,415.26,1.34,15.56
SPD-00173,CMP-2025-02,2025-03-21,Instagram Reels,409.19,1.09,17.35
SPD-00174,CMP-2025-02,2025-03-21,Influencer,265.75,1.51,8.71
SPD-00175,CMP-2025-02,2025-03-22,TikTok,256.58,2.06,17.45
SPD-00176,CMP-2025-02,2025-03-22,Instagram Reels,286.44,1.38,9.44
SPD-00177,CMP-2025-02,2025-03-22,Influencer,300.11,2.36,16.18
SPD-00178,CMP-2025-02,2025-03-23,TikTok,327.61,1.18,17.2
SPD-00179,CMP-2025-02,2025-03-23,Instagram Reels,370.09,1.97,10.4
SPD-00180,CMP-2025-02,2025-03-23,Influencer,292.08,2.34,12.01
SPD-00181,CMP-2025-02,2025-03-24,TikTok,320.17,1.44,9.05
SPD-00182,CMP-2025-02,2025-03-24,Instagram Reels,365.3,1.01,17.67
SPD-00183,CMP-2025-02,2025-03-24,Influencer,422.01,1.41,13.5
SPD-00184,CMP-2025-02,2025-03-25,TikTok,263.05,1.11,14.28
SPD-00185,CMP-2025-02,2025-03-25,Instagram Reels,313.6,2.58,16.03
SPD-00186,CMP-2025-02,2025-03-25,Influencer,280.11,0.96,15.01
SPD-00187,CMP-2025-02,2025-03-26,TikTok,268.52,1.95,9.68
SPD-00188,CMP-2025-02,2025-03-26,Instagram Reels,368.97,1.86,10.68
SPD-00189,CMP-2025-02,2025-03-26,Influencer,313.97,1.66,18.08
SPD-00190,CMP-2025-02,2025-03-27,TikTok,340.92,1.39,9.71
SPD-00191,CMP-2025-02,2025-03-27,Instagram Reels,402.54,1.77,16.86
SPD-00192,CMP-2025-02,2025-03-27,Influencer,369.03,2.06,12.43
SPD-00193,CMP-2025-02,2025-03-28,TikTok,284.65,1.97,16.44
SPD-00194,CMP-2025-02,2025-03-28,Instagram Reels,308.7,1.99,10.51
SPD-00195,CMP-2025-02,2025-03-28,Influencer,247.49,2.35,9.64
SPD-00196,CMP-2025-02,2025-03-29,TikTok,294.85,1.26,9.35
SPD-00197,CMP-2025-02,2025-03-29,Instagram Reels,306.01,1.02,9.32
SPD-00198,CMP-2025-02,2025-03-29,Influencer,232.78,2.54,11.4
SPD-00199,CMP-2025-02,2025-03-30,TikTok,323.64,1.76,11.35
SPD-00200,CMP-2025-02,2025-03-30,Instagram Reels,238.43,1.36,13.26
SPD-00201,CMP-2025-02,2025-03-30,Influencer,273.61,2.59,17.33
SPD-00202,CMP-2025-02,2025-03-31,TikTok,238.52,1.19,16.8
SPD-00203,CMP-2025-02,2025-03-31,Instagram Reels,237.69,1.87,13.86
SPD-00204,CMP-2025-02,2025-03-31,Influencer,359.06,2.11,11.19
SPD-00205,CMP-2025-02,2025-04-01,TikTok,341.46,2.49,15.06
SPD-00206,CMP-2025-02,2025-04-01,Instagram Reels,248.52,1.93,10.48
SPD-00207,CMP-2025-02,2025-04-01,Influencer,279.7,1.94,11.11
SPD-00208,CMP-2025-02,2025-04-02,TikTok,365.19,2.22,11.57
SPD-00209,CMP-2025-02,2025-04-02,Instagram Reels,307.9,1.25,17.85
SPD-00210,CMP-2025-02,2025-04-02,Influencer,297.62,1.76,11.12
SPD-00211,CMP-2025-02,2025-04-03,TikTok,310.83,1.29,16.24
SPD-00212,CMP-2025-02,2025-04-03,Instagram Reels,303.83,1.2,18.0
SPD-00213,CMP-2025-02,2025-04-03,Influencer,471.5,2.21,17.73
SPD-00214,CMP-2025-02,2025-04-04,TikTok,330.86,1.31,14.05
SPD-00215,CMP-2025-02,2025-04-04,Instagram Reels,319.89,0.89,9.46
SPD-00216,CMP-2025-02,2025-04-04,Influencer,405.68,2.15,11.58
SPD-00217,CMP-2025-02,2025-04-05,TikTok,314.71,1.27,14.25
SPD-00218,CMP-2025-02,2025-04-05,Instagram Reels,351.91,1.98,15.42
SPD-00219,CMP-2025-02,2025-04-05,Influencer,315.77,1.82,9.88
SPD-00220,CMP-2025-02,2025-04-06,TikTok,337.89,1.59,12.94
SPD-00221,CMP-2025-02,2025-04-06,Instagram Reels,328.91,1.32,13.05
SPD-00222,CMP-2025-02,2025-04-06,Influencer,381.13,1.74,17.74
SPD-00223,CMP-2025-02,2025-04-07,TikTok,313.08,1.94,16.7
SPD-00224,CMP-2025-02,2025-04-07,Instagram Reels,234.67,0.97,10.83
SPD-00225,CMP-2025-02,2025-04-07,Influencer,299.76,0.95,14.08
SPD-00226,CMP-2025-02,2025-04-08,TikTok,429.12,1.7,9.82
SPD-00227,CMP-2025-02,2025-04-08,Instagram Reels,392.93,1.76,15.06
SPD-00228,CMP-2025-02,2025-04-08,Influencer,275.47,0.83,9.71
SPD-00229,CMP-2025-02,2025-04-09,TikTok,390.19,2.46,14.91
SPD-00230,CMP-2025-02,2025-04-09,Instagram Reels,390.83,2.03,17.67
SPD-00231,CMP-2025-02,2025-04-09,Influencer,196.33,1.61,8.91
SPD-00232,CMP-2025-02,2025-04-10,TikTok,248.32,0.89,11.93
SPD-00233,CMP-2025-02,2025-04-10,Instagram Reels,290.48,2.55,10.15
SPD-00234,CMP-2025-02,2025-04-10,Influencer,334.22,2.02,11.78
SPD-00235,CMP-2025-02,2025-04-11,TikTok,256.95,1.51,14.62
SPD-00236,CMP-2025-02,2025-04-11,Instagram Reels,375.12,2.53,17.51
SPD-00237,CMP-2025-02,2025-04-11,Influencer,330.42,2.41,13.5
SPD-00238,CMP-2025-02,2025-04-12,TikTok,252.51,1.43,9.54
SPD-00239,CMP-2025-02,2025-04-12,Instagram Reels,299.1,0.82,12.4
SPD-00240,CMP-2025-02,2025-04-12,Influencer,272.38,1.16,12.68
SPD-00241,CMP-2025-02,2025-04-13,TikTok,247.3,1.47,13.07
SPD-00242,CMP-2025-02,2025-04-13,Instagram Reels,259.87,1.77,17.15
SPD-00243,CMP-2025-02,2025-04-13,Influencer,317.12,2.58,11.11
SPD-00244,CMP-2025-02,2025-04-14,TikTok,297.64,1.31,9.57
SPD-00245,CMP-2025-02,2025-04-14,Instagram Reels,234.41,1.4,12.58
SPD-00246,CMP-2025-02,2025-04-14,Influencer,291.92,2.0,8.81
SPD-00247,CMP-2025-02,2025-04-15,TikTok,344.77,2.15,9.74
SPD-00248,CMP-2025-02,2025-04-15,Instagram Reels,357.45,2.11,12.38
SPD-00249,CMP-2025-02,2025-04-15,Influencer,262.0,2.29,15.7
SPD-00250,CMP-2025-03,2025-05-15,Instagram,178.58,2.29,9.0
SPD-00251,CMP-2025-03,2025-05-15,Email Marketing,161.63,0.81,14.29
SPD-00252,CMP-2025-03,2025-05-15,Pinterest,158.72,1.31,13.16
SPD-00253,CMP-2025-03,2025-05-16,Instagram,133.73,2.06,11.06
SPD-00254,CMP-2025-03,2025-05-16,Email Marketing,168.59,1.65,12.66
SPD-00255,CMP-2025-03,2025-05-16,Pinterest,171.91,0.99,16.09
SPD-00256,CMP-2025-03,2025-05-17,Instagram,153.71,1.29,12.39
SPD-00257,CMP-2025-03,2025-05-17,Email Marketing,158.9,0.83,9.92
SPD-00258,CMP-2025-03,2025-05-17,Pinterest,231.04,2.36,10.44
SPD-00259,CMP-2025-03,2025-05-18,Instagram,131.85,0.89,12.64
SPD-00260,CMP-2025-03,2025-05-18,Email Marketing,134.96,2.5,12.03
SPD-00261,CMP-2025-03,2025-05-18,Pinterest,212.91,1.24,15.4
SPD-00262,CMP-2025-03,2025-05-19,Instagram,150.61,1.58,14.38
SPD-00263,CMP-2025-03,2025-05-19,Email Marketing,148.77,1.4,13.27
SPD-00264,CMP-2025-03,2025-05-19,Pinterest,196.02,2.0,9.58
SPD-00265,CMP-2025-03,2025-05-20,Instagram,197.48,1.23,14.37
SPD-00266,CMP-2025-03,2025-05-20,Email Marketing,173.61,0.96,14.17
SPD-00267,CMP-2025-03,2025-05-20,Pinterest,201.0,1.93,9.53
SPD-00268,CMP-2025-03,2025-05-21,Instagram,186.94,2.5,9.46
SPD-00269,CMP-2025-03,2025-05-21,Email Marketing,200.18,1.65,11.42
SPD-00270,CMP-2025-03,2025-05-21,Pinterest,186.12,1.76,15.88
SPD-00271,CMP-2025-03,2025-05-22,Instagram,221.95,1.43,13.94
SPD-00272,CMP-2025-03,2025-05-22,Email Marketing,184.51,1.01,14.61
SPD-00273,CMP-2025-03,2025-05-22,Pinterest,178.43,1.67,12.73
SPD-00274,CMP-2025-03,2025-05-23,Instagram,148.96,0.91,17.77
SPD-00275,CMP-2025-03,2025-05-23,Email Marketing,193.39,2.27,10.34
SPD-00276,CMP-2025-03,2025-05-23,Pinterest,145.59,1.76,13.3
SPD-00277,CMP-2025-03,2025-05-24,Instagram,185.36,0.81,10.51
SPD-00278,CMP-2025-03,2025-05-24,Email Marketing,182.85,0.82,14.24
SPD-00279,CMP-2025-03,2025-05-24,Pinterest,165.01,1.72,17.51
SPD-00280,CMP-2025-03,2025-05-25,Instagram,138.85,1.76,10.67
SPD-00281,CMP-2025-03,2025-05-25,Email Marketing,150.17,2.5,14.7
SPD-00282,CMP-2025-03,2025-05-25,Pinterest,202.41,1.04,11.19
SPD-00283,CMP-2025-03,2025-05-26,Instagram,168.76,2.55,14.64
SPD-00284,CMP-2025-03,2025-05-26,Email Marketing,148.11,2.39,17.68
SPD-00285,CMP-2025-03,2025-05-26,Pinterest,160.99,1.04,11.06
SPD-00286,CMP-2025-03,2025-05-27,Instagram,162.57,1.26,11.21
SPD-00287,CMP-2025-03,2025-05-27,Email Marketing,120.01,2.36,14.88
SPD-00288,CMP-2025-03,2025-05-27,Pinterest,163.95,1.85,17.61
SPD-00289,CMP-2025-03,2025-05-28,Instagram,159.79,1.38,12.79
SPD-00290,CMP-2025-03,2025-05-28,Email Marketing,159.63,2.34,14.61
SPD-00291,CMP-2025-03,2025-05-28,Pinterest,223.8,1.6,12.34
SPD-00292,CMP-2025-03,2025-05-29,Instagram,196.25,1.83,10.21
SPD-00293,CMP-2025-03,2025-05-29,Email Marketing,205.16,1.31,10.25
SPD-00294,CMP-2025-03,2025-05-29,Pinterest,121.36,2.39,11.51
SPD-00295,CMP-2025-03,2025-05-30,Instagram,180.52,2.1,12.4
SPD-00296,CMP-2025-03,2025-05-30,Email Marketing,145.86,0.82,15.78
SPD-00297,CMP-2025-03,2025-05-30,Pinterest,185.47,1.49,9.47
SPD-00298,CMP-2025-03,2025-05-31,Instagram,140.79,1.88,17.6
SPD-00299,CMP-2025-03,2025-05-31,Email Marketing,173.37,2.22,8.59
SPD-00300,CMP-2025-03,2025-05-31,Pinterest,151.49,2.27,13.76
SPD-00301,CMP-2025-03,2025-06-01,Instagram,179.98,1.24,13.15
SPD-00302,CMP-2025-03,2025-06-01,Email Marketing,198.4,1.78,11.09
SPD-00303,CMP-2025-03,2025-06-01,Pinterest,206.64,0.88,8.71
SPD-00304,CMP-2025-03,2025-06-02,Instagram,132.14,1.44,12.24
SPD-00305,CMP-2025-03,2025-06-02,Email Marketing,135.71,2.03,17.44
SPD-00306,CMP-2025-03,2025-06-02,Pinterest,177.23,2.09,15.16
SPD-00307,CMP-2025-03,2025-06-03,Instagram,164.74,1.45,11.74
SPD-00308,CMP-2025-03,2025-06-03,Email Marketing,232.06,0.88,9.32
SPD-00309,CMP-2025-03,2025-06-03,Pinterest,198.28,1.57,9.97
SPD-00310,CMP-2025-03,2025-06-04,Instagram,168.56,1.29,16.99
SPD-00311,CMP-2025-03,2025-06-04,Email Marketing,184.21,1.28,12.08
SPD-00312,CMP-2025-03,2025-06-04,Pinterest,200.02,2.24,17.3
SPD-00313,CMP-2025-03,2025-06-05,Instagram,152.64,2.56,16.23
SPD-00314,CMP-2025-03,2025-06-05,Email Marketing,175.6,1.57,9.6
SPD-00315,CMP-2025-03,2025-06-05,Pinterest,139.67,1.06,15.55
SPD-00316,CMP-2025-03,2025-06-06,Instagram,207.1,1.95,14.34
SPD-00317,CMP-2025-03,2025-06-06,Email Marketing,148.96,2.46,17.66
SPD-00318,CMP-2025-03,2025-06-06,Pinterest,166.43,1.79,12.22
SPD-00319,CMP-2025-03,2025-06-07,Instagram,154.32,2.26,16.03
SPD-00320,CMP-2025-03,2025-06-07,Email Marketing,135.53,1.45,9.35
SPD-00321,CMP-2025-03,2025-06-07,Pinterest,168.17,2.33,10.47
SPD-00322,CMP-2025-03,2025-06-08,Instagram,223.39,1.05,16.05
SPD-00323,CMP-2025-03,2025-06-08,Email Marketing,192.89,1.79,16.6
SPD-00324,CMP-2025-03,2025-06-08,Pinterest,171.72,1.56,17.53
SPD-00325,CMP-2025-03,2025-06-09,Instagram,201.94,1.56,15.25
SPD-00326,CMP-2025-03,2025-06-09,Email Marketing,151.77,1.85,9.53
SPD-00327,CMP-2025-03,2025-06-09,Pinterest,200.44,1.87,13.13
SPD-00328,CMP-2025-03,2025-06-10,Instagram,143.97,1.65,15.92
SPD-00329,CMP-2025-03,2025-06-10,Email Marketing,127.51,2.51,13.62
SPD-00330,CMP-2025-03,2025-06-10,Pinterest,175.37,2.1,13.06
SPD-00331,CMP-2025-03,2025-06-11,Instagram,157.75,1.09,10.18
SPD-00332,CMP-2025-03,2025-06-11,Email Marketing,145.16,2.51,12.61
SPD-00333,CMP-2025-03,2025-06-11,Pinterest,151.41,2.08,12.91
SPD-00334,CMP-2025-03,2025-06-12,Instagram,164.89,2.51,12.16
SPD-00335,CMP-2025-03,2025-06-12,Email Marketing,216.21,0.9,12.38
SPD-00336,CMP-2025-03,2025-06-12,Pinterest,210.05,2.28,12.31
SPD-00337,CMP-2025-03,2025-06-13,Instagram,166.71,0.9,12.19
SPD-00338,CMP-2025-03,2025-06-13,Email Marketing,164.38,1.29,12.61
SPD-00339,CMP-2025-03,2025-06-13,Pinterest,188.77,1.45,9.51
SPD-00340,CMP-2025-03,2025-06-14,Instagram,123.77,1.14,17.32
SPD-00341,CMP-2025-03,2025-06-14,Email Marketing,135.51,1.23,17.51
SPD-00342,CMP-2025-03,2025-06-14,Pinterest,202.33,1.83,9.32
SPD-00343,CMP-2025-03,2025-06-15,Instagram,182.62,2.53,15.79
SPD-00344,CMP-2025-03,2025-06-15,Email Marketing,153.19,1.5,11.55
SPD-00345,CMP-2025-03,2025-06-15,Pinterest,123.72,1.03,11.95
SPD-00346,CMP-2025-03,2025-06-16,Instagram,141.32,1.66,16.22
SPD-00347,CMP-2025-03,2025-06-16,Email Marketing,200.34,1.09,8.86
SPD-00348,CMP-2025-03,2025-06-16,Pinterest,182.09,0.94,15.12
SPD-00349,CMP-2025-03,2025-06-17,Instagram,200.05,1.7,18.14
SPD-00350,CMP-2025-03,2025-06-17,Email Marketing,220.19,1.74,14.4
SPD-00351,CMP-2025-03,2025-06-17,Pinterest,131.66,1.61,15.96
SPD-00352,CMP-2025-03,2025-06-18,Instagram,161.39,2.59,10.82
SPD-00353,CMP-2025-03,2025-06-18,Email Marketing,156.82,1.82,17.79
SPD-00354,CMP-2025-03,2025-06-18,Pinterest,132.97,0.98,18.15
SPD-00355,CMP-2025-03,2025-06-19,Instagram,189.95,1.11,12.91
SPD-00356,CMP-2025-03,2025-06-19,Email Marketing,174.5,1.84,9.16
SPD-00357,CMP-2025-03,2025-06-19,Pinterest,205.65,0.93,11.93
SPD-00358,CMP-2025-03,2025-06-20,Instagram,220.18,2.55,17.62
SPD-00359,CMP-2025-03,2025-06-20,Email Marketing,187.36,1.32,12.03
SPD-00360,CMP-2025-03,2025-06-20,Pinterest,157.18,1.92,12.47
SPD-00361,CMP-2025-03,2025-06-21,Instagram,158.99,2.38,12.87
SPD-00362,CMP-2025-03,2025-06-21,Email Marketing,197.08,2.56,8.91
SPD-00363,CMP-2025-03,2025-06-21,Pinterest,138.07,2.22,9.05
SPD-00364,CMP-2025-03,2025-06-22,Instagram,191.74,2.37,10.66
SPD-00365,CMP-2025-03,2025-06-22,Email Marketing,179.33,1.64,11.88
SPD-00366,CMP-2025-03,2025-06-22,Pinterest,132.84,2.27,13.69
SPD-00367,CMP-2025-03,2025-06-23,Instagram,162.41,1.42,9.13
SPD-00368,CMP-2025-03,2025-06-23,Email Marketing,176.13,2.13,10.56
SPD-00369,CMP-2025-03,2025-06-23,Pinterest,168.68,1.62,9.61
SPD-00370,CMP-2025-03,2025-06-24,Instagram,197.56,2.26,9.11
SPD-00371,CMP-2025-03,2025-06-24,Email Marketing,198.66,1.18,17.99
SPD-00372,CMP-2025-03,2025-06-24,Pinterest,137.89,0.84,10.55
SPD-00373,CMP-2025-03,2025-06-25,Instagram,129.66,1.61,16.98
SPD-00374,CMP-2025-03,2025-06-25,Email Marketing,150.72,2.41,10.58
SPD-00375,CMP-2025-03,2025-06-25,Pinterest,186.77,0.9,10.29
SPD-00376,CMP-2025-03,2025-06-26,Instagram,157.53,2.21,13.69
SPD-00377,CMP-2025-03,2025-06-26,Email Marketing,188.25,2.44,12.74
SPD-00378,CMP-2025-03,2025-06-26,Pinterest,130.3,2.28,14.03
SPD-00379,CMP-2025-03,2025-06-27,Instagram,190.3,2.12,16.49
SPD-00380,CMP-2025-03,2025-06-27,Email Marketing,201.81,0.83,15.61
SPD-00381,CMP-2025-03,2025-06-27,Pinterest,143.62,2.48,17.2
SPD-00382,CMP-2025-03,2025-06-28,Instagram,193.7,2.34,17.65
SPD-00383,CMP-2025-03,2025-06-28,Email Marketing,170.76,1.84,14.7
SPD-00384,CMP-2025-03,2025-06-28,Pinterest,121.7,2.14,8.85
SPD-00385,CMP-2025-03,2025-06-29,Instagram,139.89,2.52,15.09
SPD-00386,CMP-2025-03,2025-06-29,Email Marketing,151.33,1.34,12.03
SPD-00387,CMP-2025-03,2025-06-29,Pinterest,187.61,2.27,11.48
SPD-00388,CMP-2025-03,2025-06-30,Instagram,161.76,1.4,17.95
SPD-00389,CMP-2025-03,2025-06-30,Email Marketing,195.14,1.47,12.95
SPD-00390,CMP-2025-03,2025-06-30,Pinterest,143.22,1.09,13.86
SPD-00391,CMP-2025-04,2025-10-01,Meta Ads,524.41,0.98,17.29
SPD-00392,CMP-2025-04,2025-10-01,Google Shopping,372.63,0.96,16.62
SPD-00393,CMP-2025-04,2025-10-01,YouTube Video Ads,441.69,2.48,8.66
SPD-00394,CMP-2025-04,2025-10-02,Meta Ads,500.76,2.33,14.98
SPD-00395,CMP-2025-04,2025-10-02,Google Shopping,394.75,1.79,16.04
SPD-00396,CMP-2025-04,2025-10-02,YouTube Video Ads,443.0,2.34,9.61
SPD-00397,CMP-2025-04,2025-10-03,Meta Ads,536.31,2.49,12.34
SPD-00398,CMP-2025-04,2025-10-03,Google Shopping,535.84,1.28,13.42
SPD-00399,CMP-2025-04,2025-10-03,YouTube Video Ads,372.33,1.35,14.89
SPD-00400,CMP-2025-04,2025-10-04,Meta Ads,390.36,2.31,16.17
SPD-00401,CMP-2025-04,2025-10-04,Google Shopping,485.28,1.37,15.69
SPD-00402,CMP-2025-04,2025-10-04,YouTube Video Ads,569.25,1.83,10.15
SPD-00403,CMP-2025-04,2025-10-05,Meta Ads,487.0,2.49,12.66
SPD-00404,CMP-2025-04,2025-10-05,Google Shopping,397.05,1.53,15.56
SPD-00405,CMP-2025-04,2025-10-05,YouTube Video Ads,361.72,1.09,11.59
SPD-00406,CMP-2025-04,2025-10-06,Meta Ads,484.91,2.31,17.39
SPD-00407,CMP-2025-04,2025-10-06,Google Shopping,379.03,0.97,11.63
SPD-00408,CMP-2025-04,2025-10-06,YouTube Video Ads,452.72,0.82,8.75
SPD-00409,CMP-2025-04,2025-10-07,Meta Ads,396.78,2.57,15.62
SPD-00410,CMP-2025-04,2025-10-07,Google Shopping,516.12,1.14,16.04
SPD-00411,CMP-2025-04,2025-10-07,YouTube Video Ads,556.44,1.2,14.83
SPD-00412,CMP-2025-04,2025-10-08,Meta Ads,339.2,1.06,9.3
SPD-00413,CMP-2025-04,2025-10-08,Google Shopping,334.47,2.36,18.05
SPD-00414,CMP-2025-04,2025-10-08,YouTube Video Ads,566.23,2.47,9.58
SPD-00415,CMP-2025-04,2025-10-09,Meta Ads,436.44,0.98,10.52
SPD-00416,CMP-2025-04,2025-10-09,Google Shopping,418.87,1.68,12.51
SPD-00417,CMP-2025-04,2025-10-09,YouTube Video Ads,268.48,1.18,14.57
SPD-00418,CMP-2025-04,2025-10-10,Meta Ads,447.59,1.94,14.9
SPD-00419,CMP-2025-04,2025-10-10,Google Shopping,440.06,1.42,9.64
SPD-00420,CMP-2025-04,2025-10-10,YouTube Video Ads,268.46,2.59,11.86
SPD-00421,CMP-2025-04,2025-10-11,Meta Ads,385.76,2.17,13.52
SPD-00422,CMP-2025-04,2025-10-11,Google Shopping,337.13,2.42,12.04
SPD-00423,CMP-2025-04,2025-10-11,YouTube Video Ads,417.97,1.05,8.79
SPD-00424,CMP-2025-04,2025-10-12,Meta Ads,422.76,1.64,14.82
SPD-00425,CMP-2025-04,2025-10-12,Google Shopping,438.52,2.5,12.73
SPD-00426,CMP-2025-04,2025-10-12,YouTube Video Ads,309.56,1.25,17.45
SPD-00427,CMP-2025-04,2025-10-13,Meta Ads,391.12,1.17,10.11
SPD-00428,CMP-2025-04,2025-10-13,Google Shopping,411.44,1.6,12.7
SPD-00429,CMP-2025-04,2025-10-13,YouTube Video Ads,331.08,1.29,14.28
SPD-00430,CMP-2025-04,2025-10-14,Meta Ads,462.44,2.4,12.86
SPD-00431,CMP-2025-04,2025-10-14,Google Shopping,485.2,1.54,10.95
SPD-00432,CMP-2025-04,2025-10-14,YouTube Video Ads,282.53,2.38,14.36
SPD-00433,CMP-2025-04,2025-10-15,Meta Ads,409.86,1.19,10.88
SPD-00434,CMP-2025-04,2025-10-15,Google Shopping,444.69,1.37,9.91
SPD-00435,CMP-2025-04,2025-10-15,YouTube Video Ads,551.72,2.04,8.59
SPD-00436,CMP-2025-04,2025-10-16,Meta Ads,360.43,1.19,10.56
SPD-00437,CMP-2025-04,2025-10-16,Google Shopping,404.2,2.5,15.45
SPD-00438,CMP-2025-04,2025-10-16,YouTube Video Ads,419.11,2.01,16.33
SPD-00439,CMP-2025-04,2025-10-17,Meta Ads,384.78,0.88,13.29
SPD-00440,CMP-2025-04,2025-10-17,Google Shopping,426.97,1.62,9.66
SPD-00441,CMP-2025-04,2025-10-17,YouTube Video Ads,596.2,1.86,14.33
SPD-00442,CMP-2025-04,2025-10-18,Meta Ads,432.03,2.54,9.77
SPD-00443,CMP-2025-04,2025-10-18,Google Shopping,357.48,1.75,13.67
SPD-00444,CMP-2025-04,2025-10-18,YouTube Video Ads,526.7,0.83,11.77
SPD-00445,CMP-2025-04,2025-10-19,Meta Ads,337.3,1.69,16.01
SPD-00446,CMP-2025-04,2025-10-19,Google Shopping,332.0,2.57,11.39
SPD-00447,CMP-2025-04,2025-10-19,YouTube Video Ads,547.08,1.95,13.29
SPD-00448,CMP-2025-04,2025-10-20,Meta Ads,336.61,2.35,18.14
SPD-00449,CMP-2025-04,2025-10-20,Google Shopping,428.76,0.96,10.7
SPD-00450,CMP-2025-04,2025-10-20,YouTube Video Ads,415.03,2.26,15.52
SPD-00451,CMP-2025-04,2025-10-21,Meta Ads,303.51,1.35,8.97
SPD-00452,CMP-2025-04,2025-10-21,Google Shopping,336.29,2.22,15.17
SPD-00453,CMP-2025-04,2025-10-21,YouTube Video Ads,474.38,2.06,12.18
SPD-00454,CMP-2025-04,2025-10-22,Meta Ads,437.42,1.95,17.19
SPD-00455,CMP-2025-04,2025-10-22,Google Shopping,409.5,1.23,13.56
SPD-00456,CMP-2025-04,2025-10-22,YouTube Video Ads,304.13,1.68,13.14
SPD-00457,CMP-2025-04,2025-10-23,Meta Ads,436.01,1.24,16.6
SPD-00458,CMP-2025-04,2025-10-23,Google Shopping,490.51,2.05,16.8
SPD-00459,CMP-2025-04,2025-10-23,YouTube Video Ads,463.21,1.69,9.23
SPD-00460,CMP-2025-04,2025-10-24,Meta Ads,481.08,1.73,15.89
SPD-00461,CMP-2025-04,2025-10-24,Google Shopping,395.49,2.08,17.66
SPD-00462,CMP-2025-04,2025-10-24,YouTube Video Ads,405.62,2.33,14.86
SPD-00463,CMP-2025-04,2025-10-25,Meta Ads,372.63,0.92,12.38
SPD-00464,CMP-2025-04,2025-10-25,Google Shopping,409.86,2.51,15.16
SPD-00465,CMP-2025-04,2025-10-25,YouTube Video Ads,486.1,0.98,14.1
SPD-00466,CMP-2025-04,2025-10-26,Meta Ads,419.92,1.43,13.65
SPD-00467,CMP-2025-04,2025-10-26,Google Shopping,359.22,1.44,13.84
SPD-00468,CMP-2025-04,2025-10-26,YouTube Video Ads,492.7,1.51,10.56
SPD-00469,CMP-2025-04,2025-10-27,Meta Ads,434.47,1.14,10.38
SPD-00470,CMP-2025-04,2025-10-27,Google Shopping,322.98,1.89,11.18
SPD-00471,CMP-2025-04,2025-10-27,YouTube Video Ads,355.43,1.0,13.53
SPD-00472,CMP-2025-04,2025-10-28,Meta Ads,429.69,1.3,13.66
SPD-00473,CMP-2025-04,2025-10-28,Google Shopping,553.26,1.53,15.29
SPD-00474,CMP-2025-04,2025-10-28,YouTube Video Ads,456.53,1.2,12.31
SPD-00475,CMP-2025-04,2025-10-29,Meta Ads,423.02,0.81,11.29
SPD-00476,CMP-2025-04,2025-10-29,Google Shopping,341.6,1.92,17.31
SPD-00477,CMP-2025-04,2025-10-29,YouTube Video Ads,407.89,2.33,15.67
SPD-00478,CMP-2025-04,2025-10-30,Meta Ads,482.71,1.57,14.96
SPD-00479,CMP-2025-04,2025-10-30,Google Shopping,329.3,2.39,17.95
SPD-00480,CMP-2025-04,2025-10-30,YouTube Video Ads,410.14,2.17,10.16
SPD-00481,CMP-2025-04,2025-10-31,Meta Ads,390.23,2.02,8.67
SPD-00482,CMP-2025-04,2025-10-31,Google Shopping,437.07,1.71,10.71
SPD-00483,CMP-2025-04,2025-10-31,YouTube Video Ads,603.75,2.2,15.82
SPD-00484,CMP-2025-04,2025-11-01,Meta Ads,436.57,1.63,10.96
SPD-00485,CMP-2025-04,2025-11-01,Google Shopping,463.51,1.4,11.42
SPD-00486,CMP-2025-04,2025-11-01,YouTube Video Ads,329.27,2.0,13.52
SPD-00487,CMP-2025-04,2025-11-02,Meta Ads,370.7,1.2,12.48
SPD-00488,CMP-2025-04,2025-11-02,Google Shopping,516.74,0.86,11.96
SPD-00489,CMP-2025-04,2025-11-02,YouTube Video Ads,406.97,2.05,14.1
SPD-00490,CMP-2025-04,2025-11-03,Meta Ads,375.89,1.78,14.58
SPD-00491,CMP-2025-04,2025-11-03,Google Shopping,481.43,2.38,18.08
SPD-00492,CMP-2025-04,2025-11-03,YouTube Video Ads,382.45,2.44,10.2
SPD-00493,CMP-2025-04,2025-11-04,Meta Ads,412.92,2.3,15.31
SPD-00494,CMP-2025-04,2025-11-04,Google Shopping,339.84,1.82,16.21
SPD-00495,CMP-2025-04,2025-11-04,YouTube Video Ads,447.81,1.42,16.19
SPD-00496,CMP-2025-04,2025-11-05,Meta Ads,414.24,1.09,13.91
SPD-00497,CMP-2025-04,2025-11-05,Google Shopping,449.89,1.33,9.13
SPD-00498,CMP-2025-04,2025-11-05,YouTube Video Ads,492.68,1.19,12.9
SPD-00499,CMP-2025-04,2025-11-06,Meta Ads,336.16,2.38,9.84
SPD-00500,CMP-2025-04,2025-11-06,Google Shopping,456.75,2.53,13.37
SPD-00501,CMP-2025-04,2025-11-06,YouTube Video Ads,437.0,2.52,13.94
SPD-00502,CMP-2025-04,2025-11-07,Meta Ads,392.46,1.25,17.55
SPD-00503,CMP-2025-04,2025-11-07,Google Shopping,517.29,1.52,12.25
SPD-00504,CMP-2025-04,2025-11-07,YouTube Video Ads,538.69,2.41,17.27
SPD-00505,CMP-2025-04,2025-11-08,Meta Ads,408.47,1.25,15.95
SPD-00506,CMP-2025-04,2025-11-08,Google Shopping,461.39,1.35,10.44
SPD-00507,CMP-2025-04,2025-11-08,YouTube Video Ads,562.24,2.47,11.38
SPD-00508,CMP-2025-04,2025-11-09,Meta Ads,406.27,2.03,13.39
SPD-00509,CMP-2025-04,2025-11-09,Google Shopping,355.52,1.64,11.94
SPD-00510,CMP-2025-04,2025-11-09,YouTube Video Ads,369.2,1.63,17.83
SPD-00511,CMP-2025-04,2025-11-10,Meta Ads,426.61,1.47,14.13
SPD-00512,CMP-2025-04,2025-11-10,Google Shopping,401.24,2.38,17.23
SPD-00513,CMP-2025-04,2025-11-10,YouTube Video Ads,320.34,2.32,9.02
SPD-00514,CMP-2025-04,2025-11-11,Meta Ads,359.65,2.58,11.12
SPD-00515,CMP-2025-04,2025-11-11,Google Shopping,363.51,2.28,14.27
SPD-00516,CMP-2025-04,2025-11-11,YouTube Video Ads,570.75,2.04,13.98
SPD-00517,CMP-2025-04,2025-11-12,Meta Ads,459.88,2.54,13.95
SPD-00518,CMP-2025-04,2025-11-12,Google Shopping,390.45,1.95,17.18
SPD-00519,CMP-2025-04,2025-11-12,YouTube Video Ads,520.39,1.93,10.0
SPD-00520,CMP-2025-04,2025-11-13,Meta Ads,336.27,1.74,17.04
SPD-00521,CMP-2025-04,2025-11-13,Google Shopping,350.98,0.84,9.5
SPD-00522,CMP-2025-04,2025-11-13,YouTube Video Ads,484.15,1.5,13.41
SPD-00523,CMP-2025-04,2025-11-14,Meta Ads,357.01,1.59,14.44
SPD-00524,CMP-2025-04,2025-11-14,Google Shopping,419.85,1.06,9.7
SPD-00525,CMP-2025-04,2025-11-14,YouTube Video Ads,407.76,1.06,8.71
SPD-00526,CMP-2025-04,2025-11-15,Meta Ads,357.54,1.86,9.47
SPD-00527,CMP-2025-04,2025-11-15,Google Shopping,369.71,1.49,11.17
SPD-00528,CMP-2025-04,2025-11-15,YouTube Video Ads,444.02,1.64,16.26
SPD-00529,CMP-2025-05,2025-11-20,Meta Retargeting,214.14,1.98,14.81
SPD-00530,CMP-2025-05,2025-11-20,Google Remarketing,257.35,1.44,17.31
SPD-00531,CMP-2025-05,2025-11-20,SMS,318.09,2.39,9.85
SPD-00532,CMP-2025-05,2025-11-21,Meta Retargeting,350.29,1.72,13.59
SPD-00533,CMP-2025-05,2025-11-21,Google Remarketing,262.42,1.98,9.97
SPD-00534,CMP-2025-05,2025-11-21,SMS,292.41,1.63,13.96
SPD-00535,CMP-2025-05,2025-11-22,Meta Retargeting,348.45,2.53,13.19
SPD-00536,CMP-2025-05,2025-11-22,Google Remarketing,319.8,2.08,10.25
SPD-00537,CMP-2025-05,2025-11-22,SMS,252.17,1.99,13.42
SPD-00538,CMP-2025-05,2025-11-23,Meta Retargeting,230.84,2.12,8.79
SPD-00539,CMP-2025-05,2025-11-23,Google Remarketing,249.17,1.7,14.95
SPD-00540,CMP-2025-05,2025-11-23,SMS,357.36,1.38,15.09
SPD-00541,CMP-2025-05,2025-11-24,Meta Retargeting,261.9,2.55,12.23
SPD-00542,CMP-2025-05,2025-11-24,Google Remarketing,280.55,1.25,9.1
SPD-00543,CMP-2025-05,2025-11-24,SMS,177.55,2.15,8.86
SPD-00544,CMP-2025-05,2025-11-25,Meta Retargeting,240.64,1.95,9.79
SPD-00545,CMP-2025-05,2025-11-25,Google Remarketing,251.15,1.68,10.4
SPD-00546,CMP-2025-05,2025-11-25,SMS,245.02,1.21,15.08
SPD-00547,CMP-2025-05,2025-11-26,Meta Retargeting,282.27,0.86,9.43
SPD-00548,CMP-2025-05,2025-11-26,Google Remarketing,204.14,2.19,8.55
SPD-00549,CMP-2025-05,2025-11-26,SMS,228.83,2.36,14.01
SPD-00550,CMP-2025-05,2025-11-27,Meta Retargeting,242.4,1.7,16.53
SPD-00551,CMP-2025-05,2025-11-27,Google Remarketing,258.76,2.34,17.23
SPD-00552,CMP-2025-05,2025-11-27,SMS,322.4,1.59,16.28
SPD-00553,CMP-2025-05,2025-11-28,Meta Retargeting,273.49,1.77,9.0
SPD-00554,CMP-2025-05,2025-11-28,Google Remarketing,221.37,1.32,16.47
SPD-00555,CMP-2025-05,2025-11-28,SMS,326.03,1.5,16.53
SPD-00556,CMP-2025-05,2025-11-29,Meta Retargeting,276.99,1.36,14.43
SPD-00557,CMP-2025-05,2025-11-29,Google Remarketing,288.09,2.41,13.8
SPD-00558,CMP-2025-05,2025-11-29,SMS,260.02,2.49,14.15
SPD-00559,CMP-2025-05,2025-11-30,Meta Retargeting,204.1,2.27,10.48
SPD-00560,CMP-2025-05,2025-11-30,Google Remarketing,230.88,2.44,15.85
SPD-00561,CMP-2025-05,2025-11-30,SMS,308.31,1.69,9.1
SPD-00562,CMP-2025-05,2025-12-01,Meta Retargeting,246.28,2.13,12.54
SPD-00563,CMP-2025-05,2025-12-01,Google Remarketing,348.4,1.66,17.11
SPD-00564,CMP-2025-05,2025-12-01,SMS,297.32,2.1,9.76
SPD-00565,CMP-2025-05,2025-12-02,Meta Retargeting,311.11,2.48,10.71
SPD-00566,CMP-2025-05,2025-12-02,Google Remarketing,219.17,1.15,16.08
SPD-00567,CMP-2025-05,2025-12-02,SMS,280.9,1.48,14.4
SPD-00568,CMP-2025-05,2025-12-03,Meta Retargeting,283.31,1.01,13.83
SPD-00569,CMP-2025-05,2025-12-03,Google Remarketing,222.13,2.43,14.47
SPD-00570,CMP-2025-05,2025-12-03,SMS,281.15,1.42,11.91
SPD-00571,CMP-2025-05,2025-12-04,Meta Retargeting,297.76,0.88,13.7
SPD-00572,CMP-2025-05,2025-12-04,Google Remarketing,297.13,1.25,16.97
SPD-00573,CMP-2025-05,2025-12-04,SMS,200.48,0.9,9.05
SPD-00574,CMP-2025-05,2025-12-05,Meta Retargeting,259.06,1.98,12.36
SPD-00575,CMP-2025-05,2025-12-05,Google Remarketing,323.15,2.49,9.24
SPD-00576,CMP-2025-05,2025-12-05,SMS,330.11,2.07,10.5
SPD-00577,CMP-2025-05,2025-12-06,Meta Retargeting,261.38,1.24,16.93
SPD-00578,CMP-2025-05,2025-12-06,Google Remarketing,296.37,1.77,11.59
SPD-00579,CMP-2025-05,2025-12-06,SMS,210.58,1.42,9.51
SPD-00580,CMP-2025-05,2025-12-07,Meta Retargeting,308.44,1.8,11.46
SPD-00581,CMP-2025-05,2025-12-07,Google Remarketing,259.72,2.22,15.53
SPD-00582,CMP-2025-05,2025-12-07,SMS,349.46,1.22,8.85
SPD-00583,CMP-2025-05,2025-12-08,Meta Retargeting,310.27,2.54,11.41
SPD-00584,CMP-2025-05,2025-12-08,Google Remarketing,246.91,1.49,16.79
SPD-00585,CMP-2025-05,2025-12-08,SMS,341.89,1.49,8.68
SPD-00586,CMP-2025-05,2025-12-09,Meta Retargeting,223.34,2.49,15.9
SPD-00587,CMP-2025-05,2025-12-09,Google Remarketing,319.96,1.41,15.82
SPD-00588,CMP-2025-05,2025-12-09,SMS,281.33,1.27,16.53
SPD-00589,CMP-2025-05,2025-12-10,Meta Retargeting,314.04,2.15,17.51
SPD-00590,CMP-2025-05,2025-12-10,Google Remarketing,316.84,2.51,13.87
SPD-00591,CMP-2025-05,2025-12-10,SMS,215.56,1.32,17.54
SPD-00592,CMP-2025-05,2025-12-11,Meta Retargeting,348.36,2.59,13.03
SPD-00593,CMP-2025-05,2025-12-11,Google Remarketing,263.39,1.31,17.3
SPD-00594,CMP-2025-05,2025-12-11,SMS,270.82,1.29,15.12
SPD-00595,CMP-2025-05,2025-12-12,Meta Retargeting,212.85,1.98,10.93
SPD-00596,CMP-2025-05,2025-12-12,Google Remarketing,260.02,1.35,8.62
SPD-00597,CMP-2025-05,2025-12-12,SMS,230.76,2.3,14.91
SPD-00598,CMP-2025-05,2025-12-13,Meta Retargeting,247.33,1.54,13.9
SPD-00599,CMP-2025-05,2025-12-13,Google Remarketing,241.87,2.41,9.27
SPD-00600,CMP-2025-05,2025-12-13,SMS,214.03,2.52,13.85
SPD-00601,CMP-2025-05,2025-12-14,Meta Retargeting,236.42,1.98,16.95
SPD-00602,CMP-2025-05,2025-12-14,Google Remarketing,242.74,1.13,14.85
SPD-00603,CMP-2025-05,2025-12-14,SMS,336.26,1.59,13.42
SPD-00604,CMP-2025-05,2025-12-15,Meta Retargeting,251.93,2.33,16.7
SPD-00605,CMP-2025-05,2025-12-15,Google Remarketing,317.45,1.22,8.93
SPD-00606,CMP-2025-05,2025-12-15,SMS,367.82,1.71,9.56
SPD-00607,CMP-2025-05,2025-12-16,Meta Retargeting,247.82,1.31,12.64
SPD-00608,CMP-2025-05,2025-12-16,Google Remarketing,242.24,1.45,14.39
SPD-00609,CMP-2025-05,2025-12-16,SMS,407.25,2.42,17.96
SPD-00610,CMP-2025-05,2025-12-17,Meta Retargeting,224.87,0.99,14.23
SPD-00611,CMP-2025-05,2025-12-17,Google Remarketing,231.29,2.09,11.54
SPD-00612,CMP-2025-05,2025-12-17,SMS,328.24,2.21,15.7
SPD-00613,CMP-2025-05,2025-12-18,Meta Retargeting,314.99,2.52,14.8
SPD-00614,CMP-2025-05,2025-12-18,Google Remarketing,337.34,1.82,18.13
SPD-00615,CMP-2025-05,2025-12-18,SMS,202.82,1.93,18.18
SPD-00616,CMP-2025-05,2025-12-19,Meta Retargeting,315.46,1.37,13.55
SPD-00617,CMP-2025-05,2025-12-19,Google Remarketing,260.4,2.44,14.08
SPD-00618,CMP-2025-05,2025-12-19,SMS,313.87,2.24,11.69
SPD-00619,CMP-2025-05,2025-12-20,Meta Retargeting,340.7,0.94,12.48
SPD-00620,CMP-2025-05,2025-12-20,Google Remarketing,294.95,1.45,9.24
SPD-00621,CMP-2025-05,2025-12-20,SMS,228.32,1.21,13.2
SPD-00622,CMP-2025-05,2025-12-21,Meta Retargeting,357.25,2.0,15.04
SPD-00623,CMP-2025-05,2025-12-21,Google Remarketing,319.95,1.41,16.22
SPD-00624,CMP-2025-05,2025-12-21,SMS,243.77,1.54,9.64
SPD-00625,CMP-2025-05,2025-12-22,Meta Retargeting,243.02,1.55,10.12
SPD-00626,CMP-2025-05,2025-12-22,Google Remarketing,273.86,1.65,15.4
SPD-00627,CMP-2025-05,2025-12-22,SMS,225.82,2.37,9.48
SPD-00628,CMP-2025-05,2025-12-23,Meta Retargeting,261.2,1.03,12.6
SPD-00629,CMP-2025-05,2025-12-23,Google Remarketing,294.98,1.33,10.84
SPD-00630,CMP-2025-05,2025-12-23,SMS,264.14,2.28,11.77
SPD-00631,CMP-2025-05,2025-12-24,Meta Retargeting,280.14,1.94,17.33
SPD-00632,CMP-2025-05,2025-12-24,Google Remarketing,260.27,2.16,12.73
SPD-00633,CMP-2025-05,2025-12-24,SMS,171.83,2.12,15.29
SPD-00634,CMP-2025-05,2025-12-25,Meta Retargeting,252.9,1.62,15.04
SPD-00635,CMP-2025-05,2025-12-25,Google Remarketing,226.31,2.1,10.21
SPD-00636,CMP-2025-05,2025-12-25,SMS,252.26,2.19,11.21
